experiment,family,condition,n,mean_normalized_utility,ci95_low,ci95_high,mean_delta_rmse,delta_rmse_ci95_low,delta_rmse_ci95_high,beneficial_rate,neutral_rate,harmful_rate,catastrophic_harm_rate,fields,b_norm,knowledge_subset,observability,method,architecture,distance
E5_prior_calibration_specificity,asymptotic_bound,broad_correct,900,0.740793009794014,0.6431438050721247,0.8152259871838695,0.2395611877331049,0.22577588741469243,0.2531831249741736,0.9633333333333334,0.0,0.03666666666666667,0.01888888888888889,,,,,,,
E5_prior_calibration_specificity,asymptotic_bound,family_only,900,0.337811558281783,0.05400616542568186,0.5594312327237315,0.2348677079968032,0.22091139112787336,0.24952783868587708,0.9122222222222223,0.0,0.08777777777777777,0.05,,,,,,,
E5_prior_calibration_specificity,asymptotic_bound,medium_correct,900,0.7732671870491241,0.6895497893832048,0.8420561825360825,0.24147059073061572,0.2279539491554778,0.2547764044144663,0.9688888888888889,0.0,0.03111111111111111,0.01888888888888889,,,,,,,
E5_prior_calibration_specificity,asymptotic_bound,narrow_correct,900,0.815316347764655,0.7498550260625803,0.8698508652024317,0.24431462483983146,0.2310298271286168,0.25820539047082935,0.97,0.0,0.03,0.016666666666666666,,,,,,,
E5_prior_calibration_specificity,asymptotic_bound,narrow_mild_bias,900,0.7770846089328108,0.7012111446270928,0.8430295602907565,0.23662172534810988,0.223142338628704,0.25007940711356114,0.97,0.0011111111111111111,0.028888888888888888,0.015555555555555555,,,,,,,
E5_prior_calibration_specificity,asymptotic_bound,narrow_strong_bias,900,0.2798433015055008,0.15108381479878963,0.3875296260303451,0.1832654845184863,0.1710877092558709,0.19572006711261297,0.8566666666666667,0.01,0.13333333333333333,0.06222222222222222,,,,,,,
E5_prior_calibration_specificity,emergent_curvature,broad_correct,900,0.5974250953921447,0.5773367730835183,0.6169754089790996,0.1546916757275317,0.14843636396250723,0.16089440724622758,0.9466666666666667,0.03222222222222222,0.021111111111111112,0.0022222222222222222,,,,,,,
E5_prior_calibration_specificity,emergent_curvature,family_only,900,-0.2608191677484457,-0.3609756104631618,-0.16623519254229177,-0.04076736731958486,-0.05947005341362808,-0.022582337684089602,0.5744444444444444,0.22555555555555556,0.2,0.13333333333333333,,,,,,,
E5_prior_calibration_specificity,emergent_curvature,medium_correct,900,0.7438359210081464,0.729799167049287,0.7578490073062832,0.1884771810638294,0.18228409057478118,0.19465309548432555,0.9844444444444445,0.011111111111111112,0.0044444444444444444,0.0,,,,,,,
E5_prior_calibration_specificity,emergent_curvature,narrow_correct,900,0.8909396773494013,0.8856721332869844,0.8960199822783194,0.21910183129405134,0.21351109790436226,0.22476416861031603,0.9988888888888889,0.0011111111111111111,0.0,0.0,,,,,,,
E5_prior_calibration_specificity,emergent_curvature,narrow_mild_bias,900,0.8847426697765651,0.880699205637546,0.8887863906402802,0.21514351641050547,0.20979538607534862,0.220168694457189,1.0,0.0,0.0,0.0,,,,,,,
E5_prior_calibration_specificity,emergent_curvature,narrow_strong_bias,900,0.7913489392895093,0.7843009125434798,0.798732443377559,0.1945090251371343,0.18915487212731344,0.19976348711399514,1.0,0.0,0.0,0.0,,,,,,,
E5_prior_calibration_specificity,regime_change,broad_correct,900,0.6904499507019539,0.6640826066798626,0.7143304320598806,0.2239968881259599,0.21471546746240225,0.23294728414274635,0.9588888888888889,0.0077777777777777776,0.03333333333333333,0.0033333333333333335,,,,,,,
E5_prior_calibration_specificity,regime_change,family_only,900,-0.40321255847669507,-0.5696109118472662,-0.2538271325964817,0.02558716549990332,0.005359563398709901,0.045271375856567965,0.5788888888888889,0.03111111111111111,0.39,0.17555555555555555,,,,,,,
E5_prior_calibration_specificity,regime_change,medium_correct,900,0.8141892712563188,0.7994231014447557,0.8274158149830217,0.25794304948687036,0.2485003079806494,0.2669652324088351,0.9933333333333333,0.0011111111111111111,0.005555555555555556,0.0022222222222222222,,,,,,,
E5_prior_calibration_specificity,regime_change,narrow_correct,900,0.924677361569815,0.9198843831746256,0.9293029283836806,0.2859321262226185,0.2763701802283019,0.2955474088574478,1.0,0.0,0.0,0.0,,,,,,,
E5_prior_calibration_specificity,regime_change,narrow_mild_bias,900,0.8655384364026816,0.8596132681542689,0.8708225592965179,0.2693475887965035,0.260063765360069,0.27874035322731094,0.9988888888888889,0.0,0.0011111111111111111,0.0,,,,,,,
E5_prior_calibration_specificity,regime_change,narrow_strong_bias,900,0.694795564080065,0.6829161145856378,0.7062184461331914,0.22657963897289377,0.21719835939333232,0.23604822498816447,0.9955555555555555,0.0011111111111111111,0.0033333333333333335,0.0,,,,,,,
E5b_calibration_tolerance,asymptotic_bound,,150,0.07696323268367641,-0.08720508123645493,0.21200825578583588,0.003998564971033674,0.0029670218359140036,0.005089570687509521,0.56,0.3333333333333333,0.10666666666666667,0.06,lower,0.0,,,,,
E5b_calibration_tolerance,asymptotic_bound,,150,-0.2926023442899387,-0.6594130074178989,0.005459490966029219,0.003794512935374672,0.0025812499225487083,0.00505156117306353,0.6,0.17333333333333334,0.22666666666666666,0.13333333333333333,lower,0.025,,,,,
E5b_calibration_tolerance,asymptotic_bound,,150,-3.769586960820514,-5.930436149098007,-2.1366879858662307,-0.004268563813005387,-0.006199008871211212,-0.002298623643278279,0.4066666666666667,0.013333333333333334,0.58,0.44,lower,0.05,,,,,
E5b_calibration_tolerance,asymptotic_bound,,150,-9.036939540435151,-13.143296454079506,-5.812038813864759,-0.020799296012828337,-0.023516246583179523,-0.018047289650759715,0.1,0.006666666666666667,0.8933333333333333,0.6733333333333333,lower,0.075,,,,,
E5b_calibration_tolerance,asymptotic_bound,,150,-14.587210614138467,-20.797793003232723,-9.64647652848052,-0.038330580379313806,-0.042046333904879246,-0.03466095781064648,0.0,0.0,1.0,0.8533333333333334,lower,0.1,,,,,
E5b_calibration_tolerance,asymptotic_bound,,150,-25.696088535891565,-35.81266169975959,-17.61618300908112,-0.07345503256576529,-0.0790778448835489,-0.06784632883623425,0.0,0.0,1.0,1.0,lower,0.15,,,,,
E5b_calibration_tolerance,asymptotic_bound,,150,-36.8049788148923,-51.46187536307038,-25.13202605702061,-0.10857955133197664,-0.11603547694453505,-0.10091826101468206,0.0,0.0,1.0,1.0,lower,0.2,,,,,
E5b_calibration_tolerance,asymptotic_bound,,150,-59.02276850743788,-81.96735984387075,-41.2704527382785,-0.17882863667881524,-0.1897711575027284,-0.16675349199558476,0.0,0.0,1.0,1.0,lower,0.3,,,,,
E5b_calibration_tolerance,asymptotic_bound,,150,-76.2464431099648,-105.56957410995406,-52.37186765122488,-0.2301930284107606,-0.2473330455304077,-0.2124605689929263,0.013333333333333334,0.006666666666666667,0.98,0.9733333333333334,lower,0.4,,,,,
E5b_calibration_tolerance,emergent_curvature,,150,0.5429436468492344,0.3299516291189317,0.7016383484399366,0.07741318573269823,0.06846534497528937,0.08670835548183435,0.9333333333333333,0.006666666666666667,0.06,0.03333333333333333,scale,0.0,,,,,
E5b_calibration_tolerance,emergent_curvature,,150,0.3535436196044437,0.13351544737173857,0.5311247824362324,0.06582158704008828,0.05643753549982283,0.07532582556725435,0.8666666666666667,0.0,0.13333333333333333,0.04666666666666667,scale,0.025,,,,,
E5b_calibration_tolerance,emergent_curvature,,150,-0.19559588865540334,-0.5872492614828028,0.12201376126977967,0.042355689547103254,0.031469154490897766,0.05338931248623816,0.7333333333333333,0.02666666666666667,0.24,0.12666666666666668,scale,0.05,,,,,
E5b_calibration_tolerance,emergent_curvature,,150,-0.7757632585869901,-1.3853326497213976,-0.2875288971128957,0.0149324048341651,0.0033318118063965767,0.02617206192487078,0.5066666666666667,0.02,0.47333333333333333,0.18666666666666668,scale,0.075,,,,,
E5b_calibration_tolerance,emergent_curvature,,150,-1.3676349023525791,-2.199352176883087,-0.7246681720198567,-0.013227383471713813,-0.02473903248113171,-0.0017068061140444657,0.36,0.02,0.62,0.24666666666666667,scale,0.1,,,,,
E5b_calibration_tolerance,emergent_curvature,,150,-2.584701070842888,-3.871458523221597,-1.6052594270871627,-0.06969212780204084,-0.08227213157465268,-0.05736574470085087,0.16,0.03333333333333333,0.8066666666666666,0.44,scale,0.15,,,,,
E5b_calibration_tolerance,emergent_curvature,,150,-3.817195448019843,-5.606986044933273,-2.501849012717256,-0.1271573403513272,-0.1410587023729916,-0.11316756720791542,0.1,0.006666666666666667,0.8933333333333333,0.64,scale,0.2,,,,,
E5b_calibration_tolerance,emergent_curvature,,150,-6.313891344570067,-9.077761747361464,-4.32042470044311,-0.2433109154388129,-0.260634972950344,-0.22504614134048934,0.013333333333333334,0.0,0.9866666666666667,0.82,scale,0.3,,,,,
E5b_calibration_tolerance,emergent_curvature,,150,-8.851332125485712,-12.5179744683963,-6.104701490786997,-0.3626587760200471,-0.3848179941533993,-0.3405120736653591,0.0,0.0,1.0,0.9133333333333333,scale,0.4,,,,,
E5b_calibration_tolerance,emergent_curvature,,150,0.5429436468492344,0.32848536588670535,0.6965913064541882,0.07741318573269823,0.06818288870253644,0.086653058535511,0.9333333333333333,0.006666666666666667,0.06,0.03333333333333333,scale+shape,0.0,,,,,
E5b_calibration_tolerance,emergent_curvature,,150,0.3391478109553227,0.12144015967726776,0.5086848549024942,0.06442000133685537,0.05465060232010889,0.07440347392752061,0.8666666666666667,0.0,0.13333333333333333,0.05333333333333334,scale+shape,0.025,,,,,
E5b_calibration_tolerance,emergent_curvature,,150,-0.20156356690581448,-0.5706142024183688,0.11071692749912733,0.04118765467620265,0.03004983343957847,0.05274748486342767,0.7266666666666667,0.03333333333333333,0.24,0.13333333333333333,scale+shape,0.05,,,,,
E5b_calibration_tolerance,emergent_curvature,,150,-0.7843642278961586,-1.3751924691625357,-0.317757883236665,0.014906954527078579,0.0023212119409937366,0.027485031635949467,0.5,0.02,0.48,0.19333333333333333,scale+shape,0.075,,,,,
E5b_calibration_tolerance,emergent_curvature,,150,-1.3689252976024848,-2.1825302335643673,-0.735582907991824,-0.012137195164430596,-0.025948013971856535,0.002242529982219874,0.38666666666666666,0.03333333333333333,0.58,0.2733333333333333,scale+shape,0.1,,,,,
E5b_calibration_tolerance,emergent_curvature,,150,-2.506647386089943,-3.716304326899067,-1.5483744390023046,-0.06445257917363065,-0.08157115715022752,-0.04713692624281098,0.29333333333333333,0.006666666666666667,0.7,0.44,scale+shape,0.15,,,,,
E5b_calibration_tolerance,emergent_curvature,,150,-3.6323647690213035,-5.3067132738588185,-2.3626599686221925,-0.1162243856336024,-0.13771890767974562,-0.09504869881220464,0.22,0.02,0.76,0.56,scale+shape,0.2,,,,,
E5b_calibration_tolerance,emergent_curvature,,150,-5.862634842619304,-8.463854216034738,-3.89394287284015,-0.21439847636268639,-0.2451294994053181,-0.18431481135214386,0.12666666666666668,0.013333333333333334,0.86,0.6666666666666666,scale+shape,0.3,,,,,
E5b_calibration_tolerance,emergent_curvature,,150,-7.9046480032278215,-11.422546087294666,-5.3430254601804315,-0.30340039470074004,-0.3454717163,-0.2641028360105361,0.11333333333333333,0.0,0.8866666666666667,0.7133333333333334,scale+shape,0.4,,,,,
E5b_calibration_tolerance,emergent_curvature,,150,0.5429436468492344,0.3273018025329691,0.6970582398419143,0.07741318573269823,0.06828537719120621,0.0866280810196606,0.9333333333333333,0.006666666666666667,0.06,0.03333333333333333,shape,0.0,,,,,
E5b_calibration_tolerance,emergent_curvature,,150,0.5276274424256384,0.3084291134301298,0.680217255393504,0.07651967577435917,0.06731242091442394,0.08613147024670964,0.9266666666666666,0.0,0.07333333333333333,0.02666666666666667,shape,0.025,,,,,
E5b_calibration_tolerance,emergent_curvature,,150,0.5525567943970172,0.4323818759163501,0.6504338062419649,0.07532007854723005,0.06609120290604667,0.08483145781605152,0.9,0.006666666666666667,0.09333333333333334,0.02666666666666667,shape,0.05,,,,,
E5b_calibration_tolerance,emergent_curvature,,150,0.53622212539763,0.42335884741219615,0.6313866906410831,0.07422733730984907,0.06476390360458702,0.08439947307704655,0.8866666666666667,0.0,0.11333333333333333,0.02666666666666667,shape,0.075,,,,,
E5b_calibration_tolerance,emergent_curvature,,150,0.5119372424845231,0.3965698201366084,0.6086149236344071,0.07290724718115442,0.06322060801713919,0.08337710187863155,0.86,0.0,0.14,0.02666666666666667,shape,0.1,,,,,
E5b_calibration_tolerance,emergent_curvature,,150,0.4866515578473286,0.3620201610274915,0.5941620509459202,0.07156586659086824,0.06145090262645762,0.08204411274712253,0.88,0.0,0.12,0.05333333333333334,shape,0.15,,,,,
E5b_calibration_tolerance,emergent_curvature,,150,0.48754888832885407,0.3615794717860857,0.6030126663110397,0.07087338028491276,0.06057656606539944,0.0811314599273479,0.8866666666666667,0.006666666666666667,0.10666666666666667,0.04,shape,0.2,,,,,
E5b_calibration_tolerance,emergent_curvature,,150,0.32625146558138124,0.11390392512559501,0.49626614122540913,0.06479958429557345,0.054214344828645025,0.07536232423895743,0.8666666666666667,0.02,0.11333333333333333,0.07333333333333333,shape,0.3,,,,,
E5b_calibration_tolerance,emergent_curvature,,150,0.19328345565013255,-0.028171720750368823,0.3777880832411257,0.055997388412165505,0.045784399756752386,0.06685907354823414,0.82,0.0,0.18,0.08,shape,0.4,,,,,
E5b_calibration_tolerance,regime_change,,150,0.562515422288774,0.48381330128287825,0.6347928322824464,0.07546005575098114,0.06284684486436108,0.08890074216196868,0.8933333333333333,0.013333333333333334,0.09333333333333334,0.02,onset,0.0,,,,,
E5b_calibration_tolerance,regime_change,,150,-0.7222972968319185,-1.6843979586316904,0.029953324262421387,0.07445584557704353,0.06098048002141665,0.088153954552215,0.7733333333333333,0.0,0.22666666666666666,0.13333333333333333,onset,0.025,,,,,
E5b_calibration_tolerance,regime_change,,150,-1.9289065447324496,-3.761733705141717,-0.5172475292829907,0.07022891138335575,0.05502467409360708,0.08586192655816365,0.72,0.006666666666666667,0.2733333333333333,0.2,onset,0.05,,,,,
E5b_calibration_tolerance,regime_change,,150,-3.318271752679813,-6.005801362735445,-1.230258479151562,0.06042039105084738,0.045129379455996904,0.07686322809496648,0.6666666666666666,0.006666666666666667,0.32666666666666666,0.23333333333333334,onset,0.075,,,,,
E5b_calibration_tolerance,regime_change,,150,-4.938131788744449,-8.385263414253842,-2.2274560800434524,0.039704366241751554,0.024867784969653618,0.0553756696374788,0.5666666666666667,0.02666666666666667,0.4066666666666667,0.26666666666666666,onset,0.1,,,,,
E5b_calibration_tolerance,regime_change,,150,-7.965487838685572,-13.061736664681163,-3.835524628636362,-0.0008804993019917499,-0.015025116300165231,0.01349957551152769,0.4,0.013333333333333334,0.5866666666666667,0.37333333333333335,onset,0.15,,,,,
E5b_calibration_tolerance,regime_change,,150,-10.497018012572653,-16.869067690705045,-5.299247191452197,-0.039750322582191085,-0.05315500876493279,-0.025951753848852434,0.28,0.03333333333333333,0.6866666666666666,0.43333333333333335,onset,0.2,,,,,
E5b_calibration_tolerance,regime_change,,150,-14.61308817231288,-23.25293007954272,-7.643566504515317,-0.10631607682746175,-0.12063836795452372,-0.09281582343624845,0.08666666666666667,0.02,0.8933333333333333,0.5933333333333334,onset,0.3,,,,,
E5b_calibration_tolerance,regime_change,,150,-17.16904746728255,-26.998100356600002,-9.242124350366703,-0.1493815378356509,-0.16538887991844017,-0.13348146972304567,0.05333333333333334,0.0,0.9466666666666667,0.6466666666666666,onset,0.4,,,,,
E5b_calibration_tolerance,regime_change,,150,0.562515422288774,0.4848330602407322,0.6340351863633165,0.07546005575098114,0.06261318514029517,0.08872234589851725,0.8933333333333333,0.013333333333333334,0.09333333333333334,0.02,onset+scale,0.0,,,,,
E5b_calibration_tolerance,regime_change,,150,0.05266514794995113,-0.4302357420830889,0.4147083599338387,0.07300959472094433,0.060121988962734026,0.0868955982097562,0.8,0.0,0.2,0.09333333333333334,onset+scale,0.025,,,,,
E5b_calibration_tolerance,regime_change,,150,-0.7516958771647029,-2.011952944825889,0.11131689395832677,0.06500539981367019,0.051139022442094784,0.07867696642172717,0.7333333333333333,0.0,0.26666666666666666,0.15333333333333332,onset+scale,0.05,,,,,
E5b_calibration_tolerance,regime_change,,150,-1.0936605116792821,-2.3392502636316346,-0.20727916244874656,0.058043923363115466,0.04441722517779109,0.07278447606668273,0.7,0.006666666666666667,0.29333333333333333,0.18666666666666668,onset+scale,0.075,,,,,
E5b_calibration_tolerance,regime_change,,150,-1.3337680509758074,-2.455916697772336,-0.4521152439947648,0.05336021163517908,0.03963055027826788,0.068088553683601,0.6533333333333333,0.013333333333333334,0.3333333333333333,0.19333333333333333,onset+scale,0.1,,,,,
E5b_calibration_tolerance,regime_change,,150,-2.0281001950599498,-3.3331007794809753,-0.9122430531841107,0.0463237548169586,0.03111134963277618,0.06201212209133644,0.62,0.02666666666666667,0.35333333333333333,0.22666666666666666,onset+scale,0.15,,,,,
E5b_calibration_tolerance,regime_change,,150,-2.816881513818602,-4.6096818567626405,-1.3546481554670562,0.03907694386647268,0.023686938493190802,0.05488365018628181,0.62,0.0,0.38,0.24666666666666667,onset+scale,0.2,,,,,
E5b_calibration_tolerance,regime_change,,150,-5.871154741346033,-9.631251742391921,-2.928283502482587,0.02168687289592599,0.006050723102316427,0.03741232419503259,0.5333333333333333,0.006666666666666667,0.46,0.3,onset+scale,0.3,,,,,
E5b_calibration_tolerance,regime_change,,150,-9.056682488256014,-14.53398232575828,-4.537449376714586,-0.016134468721439366,-0.03212710205459579,-0.00011832874378142379,0.43333333333333335,0.0,0.5666666666666667,0.36666666666666664,onset+scale,0.4,,,,,
E5b_calibration_tolerance,regime_change,,150,0.562515422288774,0.483260822297875,0.6354053345165156,0.07546005575098114,0.06288687969410378,0.08882256694946854,0.8933333333333333,0.013333333333333334,0.09333333333333334,0.02,scale,0.0,,,,,
E5b_calibration_tolerance,regime_change,,150,-1.351314179677281,-2.6994032668818617,-0.3479635290267386,0.06282567153537713,0.04939774662122456,0.07652937410789092,0.6666666666666666,0.0,0.3333333333333333,0.22,scale,0.025,,,,,
E5b_calibration_tolerance,regime_change,,150,-3.566424982901513,-6.305708692354681,-1.5137913695020617,0.040356654479265654,0.02614964666362483,0.055391040123386706,0.5466666666666666,0.013333333333333334,0.44,0.31333333333333335,scale,0.05,,,,,
E5b_calibration_tolerance,regime_change,,150,-5.842103389873389,-9.701232002088762,-2.837482316318616,0.013247351380330041,-0.0009709578084810431,0.02829014411685039,0.44666666666666666,0.013333333333333334,0.54,0.36666666666666664,scale,0.075,,,,,
E5b_calibration_tolerance,regime_change,,150,-8.121394613062499,-13.637832180764377,-4.059437162208276,-0.013346667166714638,-0.026656153414621908,0.0009032420865858053,0.35333333333333333,0.02666666666666667,0.62,0.4266666666666667,scale,0.1,,,,,
E5b_calibration_tolerance,regime_change,,150,-12.625035252248438,-20.913834690267603,-6.504260989443969,-0.06807383559847278,-0.08163455648524821,-0.05337728371686169,0.18,0.03333333333333333,0.7866666666666666,0.54,scale,0.15,,,,,
E5b_calibration_tolerance,regime_change,,150,-17.117150708172158,-28.203366882314352,-9.078352200565988,-0.12318179473528479,-0.1365355614264102,-0.10922818900979175,0.08666666666666667,0.0,0.9133333333333333,0.6333333333333333,scale,0.2,,,,,
E5b_calibration_tolerance,regime_change,,150,-26.150177322677116,-42.24646328559917,-13.930543140234986,-0.23638235341604266,-0.25110968643687415,-0.22070469540659335,0.02,0.0,0.98,0.8266666666666667,scale,0.3,,,,,
E5b_calibration_tolerance,regime_change,,150,-35.296477608478455,-57.79661280941853,-19.09350034039975,-0.3535480461430874,-0.37052214289165647,-0.33640603113440015,0.0,0.0,1.0,0.9066666666666666,scale,0.4,,,,,
partial_realization,emergent_curvature,,200,0.601268820460653,0.5474120755610935,0.6496630884603286,0.0717974687394628,0.06459020687869556,0.0788228037885648,0.96,0.005,0.035,0.015,,,family_only,,,,
partial_realization,emergent_curvature,,1000,0.6055607844670571,0.5808814708057476,0.6285632437196914,0.07202683153076951,0.068710638579345,0.07537174496591728,0.934,0.002,0.064,0.003,,,onset,,,,
partial_realization,emergent_curvature,,1000,0.686822602901936,0.6620450272630783,0.7098814589049776,0.08137482842834401,0.07816720018309976,0.08461114735446501,0.958,0.003,0.039,0.009,,,onset+scale,,,,
partial_realization,emergent_curvature,,1000,0.7588200031437018,0.7379759750340613,0.7790970273665029,0.08885927884753593,0.08562944331946491,0.0919401591165675,0.952,0.004,0.044,0.004,,,onset+scale+shape,,,,
partial_realization,emergent_curvature,,1000,0.6970262989177567,0.6686741469273777,0.7225432483490519,0.08243317058851748,0.07903942561022434,0.08585224128078195,0.944,0.004,0.052,0.011,,,onset+shape,,,,
partial_realization,emergent_curvature,,1000,0.659382016407061,0.6402862353529618,0.6784830692439094,0.07861264196346482,0.07579787366832226,0.08128060847526926,0.962,0.003,0.035,0.004,,,scale,,,,
partial_realization,emergent_curvature,,1000,0.7982027746805651,0.7832980028861677,0.8123066685806364,0.09307053672245083,0.09042254901550092,0.09571962846165552,0.985,0.002,0.013,0.0,,,scale+shape,,,,
partial_realization,emergent_curvature,,1000,0.7094844237163643,0.6911931167624746,0.7274120639900352,0.08295759366169494,0.08004725105976175,0.08587980507340383,0.97,0.001,0.029,0.002,,,shape,,,,
partial_realization,regime_change,,200,0.7699092961441254,0.7420430156349149,0.7964418489751962,0.14758688217127122,0.13805251399526602,0.15750006178607445,0.99,0.01,0.0,0.0,,,family_only,,,,
partial_realization,regime_change,,1000,0.792140989903671,0.7804190951647167,0.8031476378245861,0.15262691509299448,0.14807189541536325,0.15711401807803824,0.997,0.002,0.001,0.0,,,onset,,,,
partial_realization,regime_change,,1000,0.7215928492532953,0.6969629114562709,0.7453400229970141,0.13980177988169418,0.13421216692268859,0.14527870069385165,0.94,0.004,0.056,0.007,,,onset+scale,,,,
partial_realization,regime_change,,1000,0.6530260232015589,0.6233801488429842,0.6822332649127155,0.12712933849726313,0.1211414088109014,0.13315358680677344,0.909,0.005,0.086,0.011,,,onset+scale+shape,,,,
partial_realization,regime_change,,1000,0.6647278291241889,0.6371815450359026,0.6901405876976239,0.1305592689062782,0.12471067439508983,0.13625600160494938,0.921,0.007,0.072,0.01,,,onset+shape,,,,
partial_realization,regime_change,,1000,0.7681606277340953,0.7525396232360406,0.7831128586589856,0.14800795302538572,0.14340135444344357,0.1524812862387609,0.972,0.003,0.025,0.0,,,scale,,,,
partial_realization,regime_change,,1000,0.7669998900543146,0.7454470531997749,0.7874023564376874,0.1469576939082255,0.14172831231504876,0.15224657382817164,0.952,0.0,0.048,0.005,,,scale+shape,,,,
partial_realization,regime_change,,1000,0.7441400399151814,0.7249173243517596,0.7628909677963532,0.14466491745413487,0.139258386105527,0.14981844821389081,0.966,0.003,0.031,0.004,,,shape,,,,
exposure_oracle,emergent_curvature,,250,0.17230430978782593,0.030261508224166976,0.2998832752249747,0.026524952466472084,0.01600294713014588,0.03623419783656256,0.792,0.036,0.172,0.084,,,,0.5333333333,generative_family_oracle,,
exposure_oracle,emergent_curvature,,250,0.3457649453669454,0.25533154766395527,0.4303892566218855,0.039574088250138445,0.03057605022246256,0.04810852178533446,0.84,0.028,0.132,0.072,,,,0.6,generative_family_oracle,,
exposure_oracle,emergent_curvature,,250,0.4451997237430487,0.36621154773863246,0.5160010775350939,0.04959886708174256,0.04203287590068087,0.05656584302646523,0.896,0.016,0.088,0.032,,,,0.7,generative_family_oracle,,
exposure_oracle,emergent_curvature,,250,0.5231447972685052,0.4563434225136505,0.583714961500997,0.060310812109323576,0.05306492995691381,0.06700239949139437,0.912,0.012,0.076,0.024,,,,0.8,generative_family_oracle,,
exposure_oracle,emergent_curvature,,250,0.5735631490956323,0.5124864716096686,0.6258473526740713,0.06967826442842012,0.06297770896055117,0.07597977907962221,0.944,0.012,0.044,0.016,,,,0.9,generative_family_oracle,,
exposure_oracle,regime_change,,250,0.41424906618978474,0.3297250372154472,0.4947808483686599,0.07012712675593917,0.059696224640877045,0.08021627695933138,0.832,0.02,0.148,0.044,,,,0.5333333333,generative_family_oracle,,
exposure_oracle,regime_change,,250,0.5330167267646657,0.47788848404520456,0.5846955721056121,0.0869726616716205,0.07810475762112508,0.0956459346237487,0.908,0.008,0.084,0.02,,,,0.6,generative_family_oracle,,
exposure_oracle,regime_change,,250,0.7112692536673099,0.6748696209983421,0.7442083206049024,0.12780544750093695,0.12015962417951163,0.13522517686929078,0.964,0.004,0.032,0.004,,,,0.7,generative_family_oracle,,
exposure_oracle,regime_change,,250,0.7207453625020283,0.6877198002650698,0.7529386823300507,0.13354530635397485,0.12479302641117852,0.14219065558464422,0.972,0.008,0.02,0.004,,,,0.8,generative_family_oracle,,
exposure_oracle,regime_change,,250,0.7784615915140669,0.7540196917341306,0.8019959272612247,0.14536806314751896,0.1366801595422179,0.15394339309733093,0.996,0.0,0.004,0.0,,,,0.9,generative_family_oracle,,
exposure_oracle,emergent_curvature,,250,0.9546140462570166,0.9493963517254276,0.9596469930194059,0.09518218643730955,0.09158811955201396,0.09883582883996657,1.0,0.0,0.0,0.0,,,,0.5333333333,parameter_oracle,,
exposure_oracle,emergent_curvature,,250,0.9624073743001007,0.958442099290996,0.9661665986982709,0.10244129958941434,0.09877928672801113,0.10610140426646399,1.0,0.0,0.0,0.0,,,,0.6,parameter_oracle,,
exposure_oracle,emergent_curvature,,250,0.9582104724678071,0.9534222473089692,0.9626611068163394,0.1027609390942844,0.09889449820979865,0.10683281671720199,1.0,0.0,0.0,0.0,,,,0.7,parameter_oracle,,
exposure_oracle,emergent_curvature,,250,0.9639658913781188,0.9600839235479772,0.9675350914589201,0.10936954011675647,0.10499201032791348,0.113641829930119,1.0,0.0,0.0,0.0,,,,0.8,parameter_oracle,,
exposure_oracle,emergent_curvature,,250,0.960694643740099,0.9556402691231177,0.9654020697431568,0.11346063838560841,0.1082621805452415,0.11878336806203058,1.0,0.0,0.0,0.0,,,,0.9,parameter_oracle,,
exposure_oracle,regime_change,,250,0.984902108734281,0.9832061443731255,0.9865402747087954,0.13766298848819078,0.13144545230443105,0.14376428310797595,1.0,0.0,0.0,0.0,,,,0.5333333333,parameter_oracle,,
exposure_oracle,regime_change,,250,0.9861973880057505,0.9846054719353218,0.9877287672054706,0.151751679746817,0.14581583413468718,0.1578137155210548,1.0,0.0,0.0,0.0,,,,0.6,parameter_oracle,,
exposure_oracle,regime_change,,250,0.9895590868442491,0.9883797080214333,0.9906603640042225,0.1744462546921483,0.16756036624203743,0.18146908160312467,1.0,0.0,0.0,0.0,,,,0.7,parameter_oracle,,
exposure_oracle,regime_change,,250,0.9900304641081489,0.988888089623119,0.9911157550569689,0.17859576685481718,0.17089314150940188,0.18617735376463096,1.0,0.0,0.0,0.0,,,,0.8,parameter_oracle,,
exposure_oracle,regime_change,,250,0.989680009089146,0.9884160637353748,0.9908182860252863,0.1799617076996908,0.17186461403831577,0.1887275081131162,1.0,0.0,0.0,0.0,,,,0.9,parameter_oracle,,
exposure_oracle,emergent_curvature,,250,1.0,1.0,1.0,0.09925351127891525,0.09564299780199363,0.10270718104627456,1.0,0.0,0.0,0.0,,,,0.5333333333,full_information_oracle,,
exposure_oracle,emergent_curvature,,250,1.0,1.0,1.0,0.106111612413063,0.10245707114521914,0.10988169903873617,1.0,0.0,0.0,0.0,,,,0.6,full_information_oracle,,
exposure_oracle,emergent_curvature,,250,1.0,1.0,1.0,0.10672037849326901,0.10281762471776638,0.11049115478880546,1.0,0.0,0.0,0.0,,,,0.7,full_information_oracle,,
exposure_oracle,emergent_curvature,,250,1.0,1.0,1.0,0.11305310669298665,0.10885353935485322,0.11742474775119621,1.0,0.0,0.0,0.0,,,,0.8,full_information_oracle,,
exposure_oracle,emergent_curvature,,250,1.0,1.0,1.0,0.11733620979259242,0.11210867271541071,0.12272593940742789,1.0,0.0,0.0,0.0,,,,0.9,full_information_oracle,,
exposure_oracle,regime_change,,250,1.0,1.0,1.0,0.13942939770954133,0.1335901259866676,0.14570021283125184,1.0,0.0,0.0,0.0,,,,0.5333333333,full_information_oracle,,
exposure_oracle,regime_change,,250,1.0,1.0,1.0,0.15359945989506896,0.14771432028100961,0.1595397357330381,1.0,0.0,0.0,0.0,,,,0.6,full_information_oracle,,
exposure_oracle,regime_change,,250,1.0,1.0,1.0,0.17605981414709054,0.1689152535046958,0.18322583783543345,1.0,0.0,0.0,0.0,,,,0.7,full_information_oracle,,
exposure_oracle,regime_change,,250,1.0,1.0,1.0,0.1801592938303567,0.17254287108528266,0.18777513741149782,1.0,0.0,0.0,0.0,,,,0.8,full_information_oracle,,
exposure_oracle,regime_change,,250,1.0,1.0,1.0,0.1815516445801052,0.17313269568054085,0.19022165604928437,1.0,0.0,0.0,0.0,,,,0.9,full_information_oracle,,
E6_distance_residual,asymptotic_bound,,450,-3.172478328824502,-5.025086511130959,-1.8331193046018621,-0.002387271186545447,-0.0030141338175480184,-0.0017984482191406657,0.32,0.03777777777777778,0.6422222222222222,0.28,,,,,decay,nn,0.05
E6_distance_residual,asymptotic_bound,,450,-0.8887301566767869,-1.6695619619851394,-0.3469187290096645,-0.0006514633936809357,-0.0010146600582940336,-0.000323102662544084,0.08222222222222222,0.7088888888888889,0.2088888888888889,0.08444444444444445,,,,,evidence,nn,0.05
E6_distance_residual,asymptotic_bound,,450,-3.541906472669636,-5.6666122222762105,-2.0053240641198826,-0.0027452109452825112,-0.0034336058881758885,-0.0021155722019351054,0.31777777777777777,0.03111111111111111,0.6511111111111111,0.29777777777777775,,,,,fixed,nn,0.05
E6_distance_residual,asymptotic_bound,,450,-8.930283491298937,-23.46177790196172,-1.4114297803657276,-0.003100535475105099,-0.003901334369502037,-0.002384367824205748,0.31555555555555553,0.03777777777777778,0.6466666666666666,0.2733333333333333,,,,,decay,nn,0.1
E6_distance_residual,asymptotic_bound,,450,-0.6151791442091816,-0.9841646548497799,-0.3198680038352595,-0.0008494912497640034,-0.0012831025935282144,-0.00046295248663280527,0.08444444444444445,0.7066666666666667,0.2088888888888889,0.08666666666666667,,,,,evidence,nn,0.1
E6_distance_residual,asymptotic_bound,,450,-10.988774400690456,-28.832834279544628,-1.8002924627599173,-0.0040461279858989545,-0.004970947698816754,-0.003154136478325754,0.29555555555555557,0.03111111111111111,0.6733333333333333,0.32222222222222224,,,,,fixed,nn,0.1
E6_distance_residual,asymptotic_bound,,450,-2.4071228434333576,-3.595239923987639,-1.5091473109471774,-0.004398326281083939,-0.005521685960005334,-0.003352453733524097,0.30444444444444446,0.042222222222222223,0.6533333333333333,0.31333333333333335,,,,,decay,nn,0.2
E6_distance_residual,asymptotic_bound,,450,-0.5232070483455276,-0.7679433403897505,-0.3138038904756279,-0.0011650722792130633,-0.0017708615096706283,-0.000640042528048211,0.08888888888888889,0.7044444444444444,0.20666666666666667,0.09777777777777778,,,,,evidence,nn,0.2
E6_distance_residual,asymptotic_bound,,450,-3.780155155123574,-5.735802985534568,-2.4482375186369145,-0.007299114116888147,-0.008949444725241812,-0.00573490202611286,0.27555555555555555,0.028888888888888888,0.6955555555555556,0.4088888888888889,,,,,fixed,nn,0.2
E6_distance_residual,asymptotic_bound,,450,-2.397505924523882,-3.21539482696472,-1.707210482711937,-0.005284267309791206,-0.006697703574749141,-0.004001807748268646,0.30444444444444446,0.03777777777777778,0.6577777777777778,0.30666666666666664,,,,,decay,nn,0.3
E6_distance_residual,asymptotic_bound,,450,-0.8124710275051001,-1.3369070967014574,-0.4146693007348302,-0.001433070684572071,-0.002206317935405825,-0.000775639513310114,0.08444444444444445,0.7066666666666667,0.2088888888888889,0.1,,,,,evidence,nn,0.3
E6_distance_residual,asymptotic_bound,,450,-4.697819134299724,-6.191447205862474,-3.3930539563031012,-0.01113259636198547,-0.013712446507430033,-0.008774726184423553,0.2644444444444444,0.03111111111111111,0.7044444444444444,0.43333333333333335,,,,,fixed,nn,0.3
E6_distance_residual,asymptotic_bound,,450,-5.214424572463348,-10.300478437970336,-2.1343473012068817,-0.0057387769628392095,-0.007367406797607109,-0.004349995534926593,0.31333333333333335,0.05333333333333334,0.6333333333333333,0.29555555555555557,,,,,decay,nn,0.4
E6_distance_residual,asymptotic_bound,,450,-3.516230385845615,-8.434266309571791,-0.49135998736793113,-0.0015829782705002854,-0.002472971433576071,-0.0008511348122407346,0.08888888888888889,0.7111111111111111,0.2,0.09777777777777778,,,,,evidence,nn,0.4
E6_distance_residual,asymptotic_bound,,450,-12.089763713500124,-22.986104719174573,-5.139095757501541,-0.01525756272097114,-0.01883225990956513,-0.01205135998164703,0.2644444444444444,0.02666666666666667,0.7088888888888889,0.4577777777777778,,,,,fixed,nn,0.4
E6_distance_residual,asymptotic_bound,,450,-5.310238889160769,-9.814091549354261,-2.199962562356321,-0.0056493939371719095,-0.00729804614089103,-0.004198934552899783,0.3088888888888889,0.08222222222222222,0.6088888888888889,0.26666666666666666,,,,,decay,nn,0.6
E6_distance_residual,asymptotic_bound,,450,-3.5017432839723868,-8.245826773681822,-0.6373416226097286,-0.001599885570513394,-0.002562475209200937,-0.0008606589534121606,0.09333333333333334,0.7133333333333334,0.19333333333333333,0.1,,,,,evidence,nn,0.6
E6_distance_residual,asymptotic_bound,,450,-18.530458855529393,-33.432443829888214,-8.295144214527987,-0.02419064199606453,-0.029933918226573063,-0.01934934643346523,0.24222222222222223,0.028888888888888888,0.7288888888888889,0.47555555555555556,,,,,fixed,nn,0.6
E6_distance_residual,asymptotic_bound,,450,-3.872445401518534,-6.640134353090316,-1.8730731993366283,-0.004713671815320824,-0.006205982821165542,-0.003387851422156341,0.3111111111111111,0.08666666666666667,0.6022222222222222,0.24222222222222223,,,,,decay,nn,0.8
E6_distance_residual,asymptotic_bound,,450,-1.0037188789212792,-1.798469132836682,-0.4152764900350317,-0.0013567917889113323,-0.002239077930959927,-0.0006756041217215782,0.09777777777777778,0.7133333333333334,0.18888888888888888,0.08888888888888889,,,,,evidence,nn,0.8
E6_distance_residual,asymptotic_bound,,450,-20.767443905696986,-34.22501424293405,-10.823976880395113,-0.03377684598623037,-0.04121999552195291,-0.027057351423480938,0.22666666666666666,0.022222222222222223,0.7511111111111111,0.5333333333333333,,,,,fixed,nn,0.8
E6_distance_residual,asymptotic_bound,,450,-3.0649512716996066,-5.386212868652733,-1.4655125470497339,-0.003570766472588855,-0.004813222494221486,-0.0024781634880210943,0.32,0.12222222222222222,0.5577777777777778,0.2,,,,,decay,nn,1.0
E6_distance_residual,asymptotic_bound,,450,-0.6396581771758262,-1.1546782179161323,-0.2555264839428484,-0.0010186048693348305,-0.0017486043730723126,-0.0004237767536064711,0.1,0.7222222222222222,0.17777777777777778,0.06888888888888889,,,,,evidence,nn,1.0
E6_distance_residual,asymptotic_bound,,450,-24.888395770092284,-41.940110374572676,-12.897906693391262,-0.04392262155273462,-0.05319953030163871,-0.03568851399964253,0.21333333333333335,0.024444444444444446,0.7622222222222222,0.5511111111111111,,,,,fixed,nn,1.0
E6_distance_residual,asymptotic_bound,,450,-10.29713239407471,-16.402243938224043,-5.773548725366842,-0.007024630320881613,-0.008132338859307045,-0.005938392309436329,0.24888888888888888,0.011111111111111112,0.74,0.5844444444444444,,,,,decay,spline,0.05
E6_distance_residual,asymptotic_bound,,450,-0.6643596930658272,-1.3431382847342381,-0.1861120043259732,-0.0004956157376768658,-0.0008183572948605464,-0.000210858151351486,0.03111111111111111,0.8911111111111111,0.07777777777777778,0.05333333333333334,,,,,evidence,spline,0.05
E6_distance_residual,asymptotic_bound,,450,-11.452165605763193,-18.29081522890911,-6.420223795317181,-0.008048560677826284,-0.009258983622395843,-0.006930860902801317,0.2311111111111111,0.011111111111111112,0.7577777777777778,0.6,,,,,fixed,spline,0.05
E6_distance_residual,asymptotic_bound,,450,-38.35494041885514,-104.25922337125303,-5.033970214519943,-0.010266509610272527,-0.011763568133923426,-0.008840755434068811,0.2222222222222222,0.0044444444444444444,0.7733333333333333,0.6155555555555555,,,,,decay,spline,0.1
E6_distance_residual,asymptotic_bound,,450,-0.804606089749054,-1.7029883529560919,-0.21406051588381195,-0.0007843279036721216,-0.0012388249311750439,-0.00040162731285473625,0.02,0.8911111111111111,0.08888888888888889,0.06444444444444444,,,,,evidence,spline,0.1
E6_distance_residual,asymptotic_bound,,450,-47.01310877208441,-127.18970638590518,-6.236616595528083,-0.01329746835626649,-0.015153399545262673,-0.011523442549353127,0.18222222222222223,0.013333333333333334,0.8044444444444444,0.6577777777777778,,,,,fixed,spline,0.1
E6_distance_residual,asymptotic_bound,,450,-10.007125104470214,-17.022260265260723,-5.72217750760004,-0.01483621626309944,-0.016798110348192057,-0.012871988715172738,0.20222222222222222,0.006666666666666667,0.7911111111111111,0.64,,,,,decay,spline,0.2
E6_distance_residual,asymptotic_bound,,450,-0.46244197168740314,-0.7392516623752857,-0.24180217681713329,-0.0011981129201769016,-0.001851000631744288,-0.0006630585024813957,0.017777777777777778,0.8911111111111111,0.09111111111111111,0.07555555555555556,,,,,evidence,spline,0.2
E6_distance_residual,asymptotic_bound,,450,-15.317408041394824,-26.044059646502905,-8.881836633292293,-0.024309880737155443,-0.02726288289571921,-0.021250264881933347,0.12666666666666668,0.0044444444444444444,0.8688888888888889,0.7244444444444444,,,,,fixed,spline,0.2
E6_distance_residual,asymptotic_bound,,450,-7.937590509132686,-12.02636371636656,-5.282695229851167,-0.017069218772478224,-0.019445951558909456,-0.014809513997833154,0.20666666666666667,0.008888888888888889,0.7844444444444445,0.6355555555555555,,,,,decay,spline,0.3
E6_distance_residual,asymptotic_bound,,450,-0.4136259309734466,-0.6415525614160374,-0.22778726310325487,-0.001392480057172849,-0.0021435855743884525,-0.0007725360626978176,0.015555555555555555,0.8911111111111111,0.09333333333333334,0.07333333333333333,,,,,evidence,spline,0.3
E6_distance_residual,asymptotic_bound,,450,-15.109977600553385,-22.39864868030312,-10.179629128807832,-0.035494507245162295,-0.040001552799916525,-0.031384834361830496,0.10888888888888888,0.0044444444444444444,0.8866666666666667,0.7666666666666667,,,,,fixed,spline,0.3
E6_distance_residual,asymptotic_bound,,450,-9.896440309228412,-15.193482294292105,-5.75537680388446,-0.017622804412410226,-0.020294536741439762,-0.015207860770923471,0.21555555555555556,0.0044444444444444444,0.78,0.6177777777777778,,,,,decay,spline,0.4
E6_distance_residual,asymptotic_bound,,450,-0.38375061803871036,-0.5788206660621782,-0.22322016070861048,-0.001425515651708737,-0.002237988434148542,-0.0007339814207009929,0.017777777777777778,0.8911111111111111,0.09111111111111111,0.06666666666666667,,,,,evidence,spline,0.4
E6_distance_residual,asymptotic_bound,,450,-22.97992520940882,-35.178953002516046,-13.988562480736446,-0.04674224500138713,-0.0523016002132997,-0.04124124056714927,0.10666666666666667,0.0,0.8933333333333333,0.7888888888888889,,,,,fixed,spline,0.4
E6_distance_residual,asymptotic_bound,,450,-12.607049088203018,-23.483647810925557,-4.956172576106932,-0.015707476086859944,-0.018360654050252206,-0.013362536511175211,0.2511111111111111,0.013333333333333334,0.7355555555555555,0.5711111111111111,,,,,decay,spline,0.6
E6_distance_residual,asymptotic_bound,,450,-0.3644883571597035,-0.5651193595743039,-0.19751925875405524,-0.0012062918043499204,-0.0019831497157680026,-0.0005469116344836586,0.024444444444444446,0.8911111111111111,0.08444444444444445,0.057777777777777775,,,,,evidence,spline,0.6
E6_distance_residual,asymptotic_bound,,450,-43.623823127853925,-77.38298576000956,-18.292836397170063,-0.06931131316652134,-0.07758895050752901,-0.06145871655504975,0.09777777777777778,0.008888888888888889,0.8933333333333333,0.82,,,,,fixed,spline,0.6
E6_distance_residual,asymptotic_bound,,450,-5.251558522909414,-7.1447929619952655,-3.681055331050092,-0.012107317199573555,-0.014422144214970945,-0.009854669452444325,0.28888888888888886,0.008888888888888889,0.7022222222222222,0.5044444444444445,,,,,decay,spline,0.8
E6_distance_residual,asymptotic_bound,,450,-0.2850663881825555,-0.49949650841622967,-0.12411051248239742,-0.0008334562759003306,-0.0015194136437307712,-0.00021756264239517533,0.024444444444444446,0.8911111111111111,0.08444444444444445,0.05333333333333334,,,,,evidence,spline,0.8
E6_distance_residual,asymptotic_bound,,450,-28.84037611481416,-38.02696890095866,-20.717143557667157,-0.09189004123503879,-0.10300126863442331,-0.08127628563568357,0.08666666666666667,0.008888888888888889,0.9044444444444445,0.8266666666666667,,,,,fixed,spline,0.8
E6_distance_residual,asymptotic_bound,,450,-3.683775338831155,-5.161534914720483,-2.4196761279224503,-0.008512116595812433,-0.010510667723127929,-0.0066021582115529795,0.34,0.008888888888888889,0.6511111111111111,0.3977777777777778,,,,,decay,spline,1.0
E6_distance_residual,asymptotic_bound,,450,-0.3849043057522386,-0.933192269698119,-0.07625737656647295,-0.0005131803801835763,-0.0010607116863829268,2.5474172686076004e-05,0.03111111111111111,0.8911111111111111,0.07777777777777778,0.04,,,,,evidence,spline,1.0
E6_distance_residual,asymptotic_bound,,450,-31.351007750963966,-42.15256835301041,-22.081620586361247,-0.1144864877087479,-0.12836816049610905,-0.10168467578851428,0.08666666666666667,0.0044444444444444444,0.9088888888888889,0.8311111111111111,,,,,fixed,spline,1.0
E6_distance_residual,emergent_curvature,,450,-2.3335165940342986,-4.727752363211748,-0.947263399243056,-0.00180719128593832,-0.0024466548135420375,-0.001201494801898939,0.36,0.06666666666666667,0.5733333333333334,0.22,,,,,decay,nn,0.05
E6_distance_residual,emergent_curvature,,450,-1.237741746488153,-3.4252796209388503,-0.10620672643518,-0.00036081865113931955,-0.0006161300684840983,-0.00012983936172347474,0.08,0.7911111111111111,0.1288888888888889,0.042222222222222223,,,,,evidence,nn,0.05
E6_distance_residual,emergent_curvature,,450,-2.6142950409866113,-5.310212940013377,-1.0740135663507682,-0.002175850241510949,-0.0028695919374870558,-0.0015278139170956098,0.3622222222222222,0.057777777777777775,0.58,0.24,,,,,fixed,nn,0.05
E6_distance_residual,emergent_curvature,,450,-1.8679604035251487,-3.935417957890908,-0.7332628824274579,-0.002276633548813148,-0.0030713757096588663,-0.001514225123945413,0.37555555555555553,0.08222222222222222,0.5422222222222223,0.20444444444444446,,,,,decay,nn,0.1
E6_distance_residual,emergent_curvature,,450,-1.061249061806439,-2.9194159443771746,-0.08307163213201411,-0.0004714561956642231,-0.0007959981908067769,-0.00019202710933772648,0.08444444444444445,0.7977777777777778,0.11777777777777777,0.03777777777777778,,,,,evidence,nn,0.1
E6_distance_residual,emergent_curvature,,450,-2.358835661919413,-4.764122157195177,-0.9584754170964188,-0.0032749659534144562,-0.004263169478541649,-0.0023233850185373096,0.3688888888888889,0.07111111111111111,0.56,0.23777777777777778,,,,,fixed,nn,0.1
E6_distance_residual,emergent_curvature,,450,-1.3775285113217364,-2.2251594518588473,-0.7029846266845602,-0.0028834055485565595,-0.003974436685018752,-0.001838831331064509,0.35777777777777775,0.13333333333333333,0.5088888888888888,0.16666666666666666,,,,,decay,nn,0.2
E6_distance_residual,emergent_curvature,,450,-0.5919644709133098,-1.3883296381337145,-0.08718985724139755,-0.0005909753830342966,-0.0010252894626426908,-0.0002118738068866256,0.08,0.8044444444444444,0.11555555555555555,0.03333333333333333,,,,,evidence,nn,0.2
E6_distance_residual,emergent_curvature,,450,-2.195797508354016,-3.519810597724498,-1.1958561358639104,-0.005773667743799103,-0.007419689704358709,-0.004209165073171655,0.35333333333333333,0.07777777777777778,0.5688888888888889,0.23333333333333334,,,,,fixed,nn,0.2
E6_distance_residual,emergent_curvature,,450,-1.1188642405859295,-1.7622166695761587,-0.5990270235619284,-0.0028669590068754634,-0.004082795118109246,-0.0016950070688057648,0.3377777777777778,0.18444444444444444,0.4777777777777778,0.14,,,,,decay,nn,0.3
E6_distance_residual,emergent_curvature,,450,-0.14185983603136834,-0.3514803421481393,-0.024107538652001527,-0.0005393688117318159,-0.0010406636126320862,-9.133495610866578e-05,0.08666666666666667,0.8133333333333334,0.1,0.024444444444444446,,,,,evidence,nn,0.3
E6_distance_residual,emergent_curvature,,450,-2.240064658971498,-3.443177941443948,-1.287263869518096,-0.008075449219210995,-0.010456544570832352,-0.005789298551273552,0.32666666666666666,0.12,0.5533333333333333,0.22666666666666666,,,,,fixed,nn,0.3
E6_distance_residual,emergent_curvature,,450,-1.3531961795244551,-3.3963804035738265,-0.2386560214766674,-0.002380451771104275,-0.003706503693157277,-0.0011243972834872771,0.3377777777777778,0.21333333333333335,0.4488888888888889,0.09333333333333334,,,,,decay,nn,0.4
E6_distance_residual,emergent_curvature,,450,-0.16361432936700174,-0.43570493443135716,-0.004690196097060995,-0.0004014570390719932,-0.0009579343777371414,9.960789782773403e-05,0.08666666666666667,0.8177777777777778,0.09555555555555556,0.017777777777777778,,,,,evidence,nn,0.4
E6_distance_residual,emergent_curvature,,450,-3.2406017018423254,-7.838896478728665,-0.7515244992305079,-0.010444111826443628,-0.013604775438990246,-0.007572255480392945,0.32222222222222224,0.15333333333333332,0.5244444444444445,0.21555555555555556,,,,,fixed,nn,0.4
E6_distance_residual,emergent_curvature,,450,-0.07907057501597776,-0.1313538088134344,-0.03317733496939756,-0.0009599926263936728,-0.002425824572536352,0.0005277360987357529,0.3288888888888889,0.30444444444444446,0.36666666666666664,0.04,,,,,decay,nn,0.6
E6_distance_residual,emergent_curvature,,450,-0.009924029407542263,-0.042089049234664916,0.015967533892014184,-2.3144399280571944e-05,-0.0006316534804660677,0.0005817270915555785,0.08,0.8488888888888889,0.07111111111111111,0.011111111111111112,,,,,evidence,nn,0.6
E6_distance_residual,emergent_curvature,,450,-0.5992035670099825,-0.7897049617062605,-0.4251976194358598,-0.014424675316874563,-0.019150559842720783,-0.01019100125710752,0.3377777777777778,0.15777777777777777,0.5044444444444445,0.17777777777777778,,,,,fixed,nn,0.6
E6_distance_residual,emergent_curvature,,450,-0.03093300059591097,-0.06710761003694508,0.0017875550012565842,0.00022314599810908023,-0.001413464717251747,0.0019936992907209723,0.3088888888888889,0.38666666666666666,0.30444444444444446,0.017777777777777778,,,,,decay,nn,0.8
E6_distance_residual,emergent_curvature,,450,-0.010434553277785705,-0.03487979612536703,0.009788367965432001,0.00022123174407161347,-0.00039259447142964637,0.000838446747889358,0.08,0.86,0.06,0.008888888888888889,,,,,evidence,nn,0.8
E6_distance_residual,emergent_curvature,,450,-0.5667372512565678,-0.7841616779013717,-0.383013545486529,-0.01755028662631194,-0.02376556258467599,-0.011667270712187927,0.35333333333333333,0.16444444444444445,0.4822222222222222,0.16,,,,,fixed,nn,0.8
E6_distance_residual,emergent_curvature,,450,-0.05386593981650767,-0.12030788481708693,-0.0049017802971832065,0.0002565946012867388,-0.0011301526182589715,0.0018095873048744483,0.2688888888888889,0.4577777777777778,0.2733333333333333,0.013333333333333334,,,,,decay,nn,1.0
E6_distance_residual,emergent_curvature,,450,-0.033159933247324844,-0.09627736128226963,0.010096527635235749,0.0002884934628096764,-0.00027193895424283145,0.000870048058821654,0.07111111111111111,0.8755555555555555,0.05333333333333334,0.006666666666666667,,,,,evidence,nn,1.0
E6_distance_residual,emergent_curvature,,450,-0.7577108724791366,-1.267908029138699,-0.35751730620607536,-0.019745706366521933,-0.027559701735607605,-0.012272511651025081,0.36666666666666664,0.1711111111111111,0.4622222222222222,0.13777777777777778,,,,,fixed,nn,1.0
E6_distance_residual,emergent_curvature,,450,-9.109486864897532,-16.395186126442084,-3.9731665562366443,-0.005023646900479645,-0.0062474684207080595,-0.0038349240656940886,0.3888888888888889,0.011111111111111112,0.6,0.3888888888888889,,,,,decay,spline,0.05
E6_distance_residual,emergent_curvature,,450,-1.9007728639102293,-5.542412301097365,-0.026209391419121625,-6.954489706895285e-06,-0.0003552637197692878,0.0003024066991000789,0.08888888888888889,0.8622222222222222,0.04888888888888889,0.02666666666666667,,,,,evidence,spline,0.05
E6_distance_residual,emergent_curvature,,450,-10.152971786725885,-18.081319856932687,-4.496755042251911,-0.006086659059303749,-0.0073931809658705945,-0.0048488788070793895,0.36444444444444446,0.0044444444444444444,0.6311111111111111,0.4222222222222222,,,,,fixed,spline,0.05
E6_distance_residual,emergent_curvature,,450,-10.00314962159722,-23.081151208374724,-2.8462227542391454,-0.007287336350471224,-0.008900612723463411,-0.005723350718294275,0.3488888888888889,0.02,0.6311111111111111,0.41333333333333333,,,,,decay,spline,0.1
E6_distance_residual,emergent_curvature,,450,-0.17392684244455006,-0.3766134211952127,-0.026000275636995734,-0.00010047314418878233,-0.0005743952639796231,0.00034459701207678367,0.08222222222222222,0.8644444444444445,0.05333333333333334,0.02666666666666667,,,,,evidence,spline,0.1
E6_distance_residual,emergent_curvature,,450,-12.399983846469945,-27.277960943635307,-3.7023664293778644,-0.010374857227589207,-0.01235086247469558,-0.008480400783543207,0.32,0.017777777777777778,0.6622222222222223,0.4688888888888889,,,,,fixed,spline,0.1
E6_distance_residual,emergent_curvature,,450,-3.3969400842960886,-5.091368806232914,-2.0653162496114756,-0.0088249084032912,-0.011300026064259002,-0.006470413181427624,0.39555555555555555,0.006666666666666667,0.5977777777777777,0.3622222222222222,,,,,decay,spline,0.2
E6_distance_residual,emergent_curvature,,450,-0.11383747237497882,-0.23127438928679106,-0.020500849152224724,-0.00010892622997733772,-0.0007917625621764595,0.0005160127444445911,0.08888888888888889,0.8622222222222222,0.04888888888888889,0.03111111111111111,,,,,evidence,spline,0.2
E6_distance_residual,emergent_curvature,,450,-5.406693189565868,-7.797471878261561,-3.376521483854947,-0.018049354212152834,-0.02141754110474656,-0.014677401763164847,0.3422222222222222,0.013333333333333334,0.6444444444444445,0.46,,,,,fixed,spline,0.2
E6_distance_residual,emergent_curvature,,450,-4.043826175255546,-7.0963291369414385,-1.9055607687992022,-0.007864119702985234,-0.010635598374327638,-0.00516541033945115,0.4444444444444444,0.024444444444444446,0.5311111111111111,0.3,,,,,decay,spline,0.3
E6_distance_residual,emergent_curvature,,450,-0.0568184654853213,-0.11167575740728129,-0.009700144410529979,-1.986284731939551e-05,-0.0008037186722721968,0.0007121484512121703,0.08444444444444445,0.8644444444444445,0.051111111111111114,0.03111111111111111,,,,,evidence,spline,0.3
E6_distance_residual,emergent_curvature,,450,-7.864846714370522,-13.582134009567127,-3.951084973932206,-0.024544411042767805,-0.029185756834024044,-0.019960762637463325,0.3622222222222222,0.015555555555555555,0.6222222222222222,0.4288888888888889,,,,,fixed,spline,0.3
E6_distance_residual,emergent_curvature,,450,-6.742455684743996,-18.282217076801683,-0.7742752208093586,-0.005682050667643391,-0.008693156972940055,-0.0027513076500141577,0.47333333333333333,0.024444444444444446,0.5022222222222222,0.22444444444444445,,,,,decay,spline,0.4
E6_distance_residual,emergent_curvature,,450,-0.053432400331083436,-0.11545489321588838,-0.007050476973157461,3.271077423230813e-05,-0.0008262717772748599,0.00085187434913287,0.08666666666666667,0.8644444444444445,0.04888888888888889,0.02,,,,,evidence,spline,0.4
E6_distance_residual,emergent_curvature,,450,-15.614524465162003,-41.41675288892013,-2.357163202951814,-0.029631968499770466,-0.03592011215849884,-0.023343823418555974,0.3888888888888889,0.02,0.5911111111111111,0.3933333333333333,,,,,fixed,spline,0.4
E6_distance_residual,emergent_curvature,,450,-0.6743561564694518,-1.2407058198995764,-0.2721946168457259,-0.0004432651276739505,-0.0036018293414327193,0.0026596732594691957,0.5244444444444445,0.05333333333333334,0.4222222222222222,0.13111111111111112,,,,,decay,spline,0.6
E6_distance_residual,emergent_curvature,,450,-0.07888463223282018,-0.16853272533900523,-0.00938914315086256,5.865334633431295e-05,-0.000849989139441697,0.0008786454087988232,0.08666666666666667,0.8688888888888889,0.044444444444444446,0.02,,,,,evidence,spline,0.6
E6_distance_residual,emergent_curvature,,450,-3.038909025315081,-4.861352301759161,-1.6789861403809243,-0.03687915230347915,-0.04600212732999019,-0.02781285632553741,0.4111111111111111,0.02,0.5688888888888889,0.3333333333333333,,,,,fixed,spline,0.6
E6_distance_residual,emergent_curvature,,450,-0.2647232562792217,-0.507806128437197,-0.06756762044325511,0.002491000347932042,-0.00042847218687758383,0.0054083144457826434,0.5222222222222223,0.08888888888888889,0.3888888888888889,0.06,,,,,decay,spline,0.8
E6_distance_residual,emergent_curvature,,450,-0.07878160125051811,-0.21154353406377163,-0.0013846801127614728,1.756905841309485e-05,-0.0007778634632663673,0.0007640588501939052,0.08,0.8755555555555555,0.044444444444444446,0.011111111111111112,,,,,evidence,spline,0.8
E6_distance_residual,emergent_curvature,,450,-2.2293107550488127,-3.570180773770991,-1.2211706746595232,-0.04095895551519476,-0.05296420129101879,-0.02867946849961111,0.43333333333333335,0.022222222222222223,0.5444444444444444,0.2777777777777778,,,,,fixed,spline,0.8
E6_distance_residual,emergent_curvature,,450,-0.07166488916342605,-0.16882773356467323,0.0046505784508583045,0.003494671644643072,0.0009411669116673402,0.006130562057602907,0.5133333333333333,0.13555555555555557,0.3511111111111111,0.028888888888888888,,,,,decay,spline,1.0
E6_distance_residual,emergent_curvature,,450,-0.05405888108054043,-0.15144019864618896,0.0009300492077822214,2.3701850863748764e-05,-0.0006305917706225803,0.000634211040018172,0.07555555555555556,0.8822222222222222,0.042222222222222223,0.008888888888888889,,,,,evidence,spline,1.0
E6_distance_residual,emergent_curvature,,450,-1.416162721823975,-2.174107535932227,-0.8736425413393579,-0.042940275411619364,-0.05801880806510998,-0.028611338828184563,0.4488888888888889,0.024444444444444446,0.5266666666666666,0.24666666666666667,,,,,fixed,spline,1.0
E6_distance_residual,regime_change,,450,-1.6066575744474192,-2.9711266579573294,-0.6394933881504841,-0.0013136930368417208,-0.0018928216211851977,-0.0007917723254022294,0.40444444444444444,0.06222222222222222,0.5333333333333333,0.12,,,,,decay,nn,0.05
E6_distance_residual,regime_change,,450,-0.14638069225770686,-0.4159231459449793,-0.00559907909843789,-0.00020657014798955493,-0.0004903933704324927,7.46508161435041e-06,0.028888888888888888,0.9355555555555556,0.035555555555555556,0.008888888888888889,,,,,evidence,nn,0.05
E6_distance_residual,regime_change,,450,-1.7955807166601514,-3.326429474277645,-0.727236023089241,-0.0014970389049172694,-0.002146555277193238,-0.0009013049647491608,0.4022222222222222,0.06,0.5377777777777778,0.13777777777777778,,,,,fixed,nn,0.05
E6_distance_residual,regime_change,,450,-0.8641962761888112,-1.3197833957820322,-0.4877982123416518,-0.0015601496888365519,-0.0022798432347081368,-0.0008655148878002828,0.4066666666666667,0.08888888888888889,0.5044444444444445,0.11555555555555555,,,,,decay,nn,0.1
E6_distance_residual,regime_change,,450,-0.11443902420295043,-0.32684291756446177,-0.003120314313911581,-0.00025063476924601797,-0.0006101195960833012,1.1543927111733843e-05,0.02666666666666667,0.94,0.03333333333333333,0.006666666666666667,,,,,evidence,nn,0.1
E6_distance_residual,regime_change,,450,-1.0902168290865246,-1.6683031053245194,-0.628820314467711,-0.00202463601519323,-0.0029272834922778445,-0.0012209979679573334,0.4177777777777778,0.06222222222222222,0.52,0.13777777777777778,,,,,fixed,nn,0.1
E6_distance_residual,regime_change,,450,-0.6358571217875991,-1.0010743906413127,-0.33003027107014976,-0.001793644858128129,-0.002777952287440672,-0.0008758069754741744,0.39111111111111113,0.14222222222222222,0.4666666666666667,0.08444444444444445,,,,,decay,nn,0.2
E6_distance_residual,regime_change,,450,-0.044226229261784156,-0.12725466118778242,0.0017203146421483457,-0.0003017372447365058,-0.000756260212233523,2.0544086799565096e-05,0.024444444444444446,0.9444444444444444,0.03111111111111111,0.006666666666666667,,,,,evidence,nn,0.2
E6_distance_residual,regime_change,,450,-1.0067964906242788,-1.554129204971261,-0.5403996665908616,-0.0031044150880915103,-0.004494201862062095,-0.0017994445649076446,0.40444444444444444,0.09333333333333334,0.5022222222222222,0.11777777777777777,,,,,fixed,nn,0.2
E6_distance_residual,regime_change,,450,-0.7632265205525042,-1.771751876424304,-0.15652447679333203,-0.0017984151074773474,-0.0029261659519396487,-0.0007033335678498305,0.37333333333333335,0.18222222222222223,0.4444444444444444,0.06222222222222222,,,,,decay,nn,0.3
E6_distance_residual,regime_change,,450,-0.023239189603453766,-0.06301777893636394,0.0005814893402612865,-0.00033628729483964017,-0.0007923428388507045,9.276012790733786e-06,0.017777777777777778,0.9488888888888889,0.03333333333333333,0.0044444444444444444,,,,,evidence,nn,0.3
E6_distance_residual,regime_change,,450,-1.4526707205383027,-3.4813489821753825,-0.34408371108333985,-0.004060939734185493,-0.006126290101048695,-0.002210258147759431,0.4066666666666667,0.11555555555555555,0.4777777777777778,0.11555555555555555,,,,,fixed,nn,0.3
E6_distance_residual,regime_change,,450,-0.3395808616393844,-0.6750601099150161,-0.12631052720877256,-0.0017197875207065417,-0.0030251391841477743,-0.0005219938590770816,0.3377777777777778,0.24444444444444444,0.4177777777777778,0.057777777777777775,,,,,decay,nn,0.4
E6_distance_residual,regime_change,,450,-0.01365780894528729,-0.032111787503453136,-0.0009054195483716128,-0.0003240332443852154,-0.0007633807879164781,1.7905126959034586e-05,0.015555555555555555,0.9488888888888889,0.035555555555555556,0.0022222222222222222,,,,,evidence,nn,0.4
E6_distance_residual,regime_change,,450,-0.8157019436830266,-1.6036212499736273,-0.3168519757035281,-0.004983413240122659,-0.007815631424660921,-0.0024517212510638832,0.39555555555555555,0.1288888888888889,0.47555555555555556,0.10666666666666667,,,,,fixed,nn,0.4
E6_distance_residual,regime_change,,450,-0.10492574310211271,-0.19631888951094606,-0.042343592825148664,-0.0014243086732291885,-0.0027032196677885117,-0.00015053540850615998,0.29333333333333333,0.3711111111111111,0.33555555555555555,0.03777777777777778,,,,,decay,nn,0.6
E6_distance_residual,regime_change,,450,0.0005236089867775492,-0.0037375995221218465,0.005690456157779812,-0.00022458630369580622,-0.0005783436028847597,3.54995633849349e-05,0.013333333333333334,0.96,0.02666666666666667,0.0,,,,,evidence,nn,0.6
E6_distance_residual,regime_change,,450,-0.4722949166983632,-0.7808208880997696,-0.25955816400835086,-0.007477963036921657,-0.011452465129669076,-0.0037257790808046965,0.37333333333333335,0.16444444444444445,0.4622222222222222,0.10666666666666667,,,,,fixed,nn,0.6
E6_distance_residual,regime_change,,450,-0.045592529790590815,-0.09840119642357811,-0.009553919175876337,-0.0011550800140241134,-0.002363881762506812,5.0725239258805415e-05,0.24888888888888888,0.46444444444444444,0.2866666666666667,0.011111111111111112,,,,,decay,nn,0.8
E6_distance_residual,regime_change,,450,-0.0008565806390764768,-0.007202336685540073,0.005747892123735767,-0.00015633799589606079,-0.0005670582417640433,0.0002387812841861212,0.013333333333333334,0.9644444444444444,0.022222222222222223,0.0,,,,,evidence,nn,0.8
E6_distance_residual,regime_change,,450,-0.4019764867713131,-0.7081096962595436,-0.204215696787329,-0.009584220569011499,-0.015107328609191669,-0.004415269781495554,0.38,0.1711111111111111,0.4488888888888889,0.10444444444444445,,,,,fixed,nn,0.8
E6_distance_residual,regime_change,,450,-0.2065485944763722,-0.6000922537931919,-0.0026347439949294536,-0.000849664458597181,-0.0019257260703151298,0.0001838475974379478,0.21777777777777776,0.5688888888888889,0.21333333333333335,0.008888888888888889,,,,,decay,nn,1.0
E6_distance_residual,regime_change,,450,0.0011885732704831303,-0.0012820336867805078,0.004479344632670246,-0.00013242874058890642,-0.0004596229469487407,0.0002045194153805061,0.013333333333333334,0.9711111111111111,0.015555555555555555,0.0,,,,,evidence,nn,1.0
E6_distance_residual,regime_change,,450,-1.688749706257042,-4.6480702510479635,-0.15402845303509985,-0.011484138609077665,-0.018456983499236045,-0.00492522666362686,0.3844444444444444,0.20222222222222222,0.41333333333333333,0.07777777777777778,,,,,fixed,nn,1.0
E6_distance_residual,regime_change,,450,-5.685812647182921,-12.292249061683652,-1.6714064151798333,-0.003163787640489091,-0.0041917858804172425,-0.0021470176902630106,0.3711111111111111,0.03111111111111111,0.5977777777777777,0.24888888888888888,,,,,decay,spline,0.05
E6_distance_residual,regime_change,,450,-0.012614011704979566,-0.032782463504100676,0.005407250495377236,-0.00010200300035299161,-0.00024713225835091537,1.8379589198315054e-05,0.017777777777777778,0.9577777777777777,0.024444444444444446,0.013333333333333334,,,,,evidence,spline,0.05
E6_distance_residual,regime_change,,450,-6.321406095554487,-13.664090926256666,-1.8801810690230363,-0.003732121128417077,-0.004861697748958186,-0.0026274045115726925,0.3688888888888889,0.02666666666666667,0.6044444444444445,0.26222222222222225,,,,,fixed,spline,0.05
E6_distance_residual,regime_change,,450,-2.314775768144644,-3.6357998028798586,-1.3701101395023383,-0.00492260779406163,-0.006455669726920775,-0.003504087009246072,0.3622222222222222,0.035555555555555556,0.6022222222222222,0.24444444444444444,,,,,decay,spline,0.1
E6_distance_residual,regime_change,,450,-0.03757806864129789,-0.08885250830129647,-0.003822442190887643,-0.000191931310817492,-0.0003754877613309901,-3.980828899512611e-05,0.013333333333333334,0.9577777777777777,0.028888888888888888,0.013333333333333334,,,,,evidence,spline,0.1
E6_distance_residual,regime_change,,450,-2.9045164782854713,-4.514108913601456,-1.7321842334297328,-0.006697569136312953,-0.008468675337628264,-0.004982072610717698,0.3466666666666667,0.02666666666666667,0.6266666666666667,0.2733333333333333,,,,,fixed,spline,0.1
E6_distance_residual,regime_change,,450,-1.8741675982424086,-3.1672211879747274,-0.9919830971902608,-0.007016894010562396,-0.009043923507517738,-0.004980650202260893,0.3622222222222222,0.035555555555555556,0.6022222222222222,0.2222222222222222,,,,,decay,spline,0.2
E6_distance_residual,regime_change,,450,-0.06558823732651126,-0.1352106770878048,-0.014036847092358687,-0.0003148180399181055,-0.0005765901299145235,-8.555061008261349e-05,0.011111111111111112,0.9577777777777777,0.03111111111111111,0.011111111111111112,,,,,evidence,spline,0.2
E6_distance_residual,regime_change,,450,-2.9432107582206664,-4.951792474277096,-1.6118391029056802,-0.012703335406694802,-0.015725490292900803,-0.00981522707666198,0.32222222222222224,0.03111111111111111,0.6466666666666666,0.3022222222222222,,,,,fixed,spline,0.2
E6_distance_residual,regime_change,,450,-3.3766061944542307,-8.848775633834364,-0.5417330916497588,-0.007957711049809463,-0.010406093920741835,-0.005483399031240646,0.3377777777777778,0.051111111111111114,0.6111111111111112,0.17333333333333334,,,,,decay,spline,0.3
E6_distance_residual,regime_change,,450,-0.039204810818438254,-0.09985930099952102,-0.003872944722317672,-0.00035322080184131113,-0.000663274237727697,-9.344516938452592e-05,0.011111111111111112,0.9577777777777777,0.03111111111111111,0.011111111111111112,,,,,evidence,spline,0.3
E6_distance_residual,regime_change,,450,-6.385988409684454,-16.455840469955586,-1.2318590623282977,-0.01874613390450886,-0.022868164021849248,-0.014629400562632832,0.3,0.028888888888888888,0.6711111111111111,0.3022222222222222,,,,,fixed,spline,0.3
E6_distance_residual,regime_change,,450,-2.7836773127746994,-7.214616371264263,-0.4150491004165773,-0.008206316955249334,-0.010852504299238869,-0.005625274948825683,0.35333333333333333,0.06222222222222222,0.5844444444444444,0.1288888888888889,,,,,decay,spline,0.4
E6_distance_residual,regime_change,,450,-0.015821313233376454,-0.03212883985049942,-0.0038038591537514353,-0.0003840433649747202,-0.0007108958145418009,-0.00011092624038899003,0.006666666666666667,0.96,0.03333333333333333,0.0022222222222222222,,,,,evidence,spline,0.4
E6_distance_residual,regime_change,,450,-6.4747614728508465,-16.651444447586297,-1.1583892051974238,-0.024677531846543053,-0.030246034456009006,-0.019306626871764206,0.3088888888888889,0.02666666666666667,0.6644444444444444,0.2822222222222222,,,,,fixed,spline,0.4
E6_distance_residual,regime_change,,450,-0.36149006753564233,-0.5604377015904219,-0.21024694970902993,-0.008031937397678442,-0.010710704971599731,-0.005430771004823771,0.31555555555555553,0.10666666666666667,0.5777777777777777,0.1,,,,,decay,spline,0.6
E6_distance_residual,regime_change,,450,-0.0040953027450965854,-0.007751880369547459,-0.0008011843834806172,-0.00036167506609441076,-0.0006837797984190575,-0.00010151028797002366,0.006666666666666667,0.9622222222222222,0.03111111111111111,0.0,,,,,evidence,spline,0.6
E6_distance_residual,regime_change,,450,-1.5908763711298048,-2.2705019665251798,-1.0698854597093028,-0.03740863827868182,-0.04594278232536248,-0.029579781517282515,0.2911111111111111,0.03111111111111111,0.6777777777777778,0.23777777777777778,,,,,fixed,spline,0.6
E6_distance_residual,regime_change,,450,-0.6440541648408805,-1.65442857851346,-0.10822196553664079,-0.007515813528916309,-0.009956417196364704,-0.00511921464945464,0.29555555555555557,0.17777777777777778,0.5266666666666666,0.04666666666666667,,,,,decay,spline,0.8
E6_distance_residual,regime_change,,450,-0.0007340837321397932,-0.002753981056591129,0.0015660268733016852,-0.0003027754338208866,-0.0005758339579448195,-7.41389893371846e-05,0.008888888888888889,0.9644444444444444,0.02666666666666667,0.0,,,,,evidence,spline,0.8
E6_distance_residual,regime_change,,450,-3.5799869431321336,-8.323006514849924,-0.9076907007757146,-0.050524878870417726,-0.06164747003152139,-0.03901939295898835,0.27111111111111114,0.04666666666666667,0.6822222222222222,0.22666666666666666,,,,,fixed,spline,0.8
E6_distance_residual,regime_change,,450,-0.1476581712551076,-0.2608642801537736,-0.06215068525223261,-0.006368327294386363,-0.00833259658250374,-0.004414873164934678,0.23555555555555555,0.30666666666666664,0.4577777777777778,0.017777777777777778,,,,,decay,spline,1.0
E6_distance_residual,regime_change,,450,-1.497497587834388e-05,-0.0013410106568678996,0.0016262392126119712,-0.00025267182906761436,-0.0004824471081327816,-5.955356165645931e-05,0.008888888888888889,0.9666666666666667,0.024444444444444446,0.0,,,,,evidence,spline,1.0
E6_distance_residual,regime_change,,450,-1.4881621063104467,-2.333540536405673,-0.8387432054511704,-0.06320787443289597,-0.0771689307246959,-0.04898359501765687,0.27555555555555555,0.051111111111111114,0.6733333333333333,0.19555555555555557,,,,,fixed,spline,1.0
