composition_size,effect_strength_tercile,n,coverage,mean_sharpness,median_raw_utility,mean_raw_utility,median_normalized_utility,beneficial_rate,neutral_rate,harmful_rate,catastrophic_harm_rate,mean_ess
1,low,238,1.0,1.7329450061166287,0.004701179489421776,0.008472793902050234,0.045131003011828694,0.5840336134453782,0.058823529411764705,0.37815126050420167,0.07983193277310924,4.2877443699846065
1,mid,224,1.0,1.2118383419344358,0.006721728834196351,0.0028216085962303114,0.06188128188884153,0.6049107142857143,0.049107142857142856,0.36160714285714285,0.125,21.12401261610566
1,high,238,1.0,0.5324509437524191,0.0043858828857948505,-0.056763767520518794,0.009068230824271831,0.47058823529411764,0.046218487394957986,0.5105042016806722,0.31092436974789917,140.40753697028026
2,low,398,1.0,3.477513501227986,0.003885686549614879,0.0045617352440940236,-0.03184035642614272,0.5515075376884422,0.04522613065326633,0.42839195979899497,0.11306532663316583,3.606350182757576
2,mid,416,1.0,2.450914563267583,0.00540349972474705,0.010920032769922492,-0.008291851719884738,0.5841346153846154,0.026442307692307692,0.3942307692307692,0.08413461538461539,11.008236988915407
2,high,386,1.0,1.0387632257681858,0.006468072764094475,0.011381257701726103,-0.06807942563109584,0.5375647668393783,0.03367875647668394,0.4481865284974093,0.19170984455958548,86.20778438873892
3,low,264,1.0,5.1418950834459265,0.0006282923460120249,0.005020909440862133,-0.6389852588132187,0.4715909090909091,0.003787878787878788,0.5151515151515151,0.07575757575757576,3.464851543989928
3,mid,260,1.0,3.537542209468621,0.0033109393335164655,0.013196775254541321,-0.4393589522026984,0.4846153846153846,0.015384615384615385,0.48653846153846153,0.08461538461538462,9.120661817324141
3,high,276,1.0,1.5924068305475874,0.010300279040232684,0.03094822110512227,-0.0018979478319901197,0.6086956521739131,0.010869565217391304,0.37318840579710144,0.09057971014492754,59.736732914861086
