action,ood_distance_tercile,n,coverage,mean_sharpness,median_raw_utility,mean_raw_utility,median_normalized_utility,beneficial_rate,neutral_rate,harmful_rate,catastrophic_harm_rate,mean_ess
biased-specific,low,900,0.0,5.6839180451233675,-0.0024969391617183996,-0.040295258045624456,-4.536743759550949,0.3055555555555556,0.015555555555555555,0.6694444444444444,0.4577777777777778,30.5539815642659
biased-specific,mid,900,0.0,5.7203906499425,-0.0009262464199515505,-0.023715658901269903,-2.067712091780873,0.37444444444444447,0.021111111111111112,0.5966666666666667,0.30777777777777776,39.28594965207834
biased-specific,high,900,0.0,5.7781336726270425,0.014031978036729616,0.016768561926539482,-0.1963565451790255,0.5133333333333333,0.027777777777777776,0.4688888888888889,0.17222222222222222,39.308563987866364
true-full,low,900,1.0,2.3903509391178814,0.001373213044285275,-0.006731017692187965,-0.2879938134948601,0.47055555555555556,0.025555555555555557,0.5,0.17222222222222222,30.5539815642659
true-full,mid,900,1.0,2.3050820366345732,0.00607644871333705,-0.005569950707768157,-0.025673778684371172,0.555,0.03,0.41944444444444445,0.12333333333333334,39.28594965207834
true-full,high,900,1.0,2.340050383513567,0.01868286990173975,0.0269550228668957,0.016349664573513754,0.6133333333333333,0.04,0.37555555555555553,0.08444444444444445,39.308563987866364
true-subset,low,900,1.0,0.6492021480786263,0.0017815155666393392,-0.002138085985296426,0.041675598204777994,0.4766666666666667,0.042222222222222223,0.47444444444444445,0.15,58.28995657065629
true-subset,mid,900,1.0,0.615105680680016,0.0048626726793259255,0.0034399381711761874,0.0393612897688016,0.5394444444444444,0.052222222222222225,0.41388888888888886,0.058888888888888886,76.22351599962136
true-subset,high,900,1.0,0.6215318518075597,0.010486058874786049,0.008609542783305456,0.020588410616992202,0.5294444444444445,0.06555555555555556,0.4261111111111111,0.05555555555555555,73.42612896659043
