eta,scope_stratum,reliable_rows,observable_rows,observable_rate,analysis_status
low,limited,3621,0,0.0,support audit only; O_P associations are descriptive-only because positives are sparse
low,intermediate,3576,0,0.0,support audit only; O_P associations are descriptive-only because positives are sparse
low,persistent_within_tested_domain,3522,0,0.0,support audit only; O_P associations are descriptive-only because positives are sparse
mid,limited,3570,12,0.004290004290004417,support audit only; O_P associations are descriptive-only because positives are sparse
mid,intermediate,3507,7,0.0028011204481793554,support audit only; O_P associations are descriptive-only because positives are sparse
mid,persistent_within_tested_domain,3385,12,0.005138427464009011,support audit only; O_P associations are descriptive-only because positives are sparse
high,limited,3310,28,0.010901909150757394,support audit only; O_P associations are descriptive-only because positives are sparse
high,intermediate,3599,25,0.009777777777778074,support audit only; O_P associations are descriptive-only because positives are sparse
high,persistent_within_tested_domain,3472,25,0.009479717813051422,support audit only; O_P associations are descriptive-only because positives are sparse
