metric,knowledge_state,prefix_exposure,window,n_tasks,mean_contrast,ci_2_5,ci_97_5,analysis_role,bootstrap_replicates,bootstrap_unit,source_rows_sha256
D1,broad,high,within_scope,2520,-0.00023151162995110005,-0.00025272274800583564,-0.00021092186217292153,covered_scope_result,5000,latent_task_id,05093edf39d1bf7a4b49851756b982c1c80d2824a3411522494eefebf22ee858
D1,broad,high,post_scope,2520,-0.00433814802387716,-0.004565562407835875,-0.004107450526615909,covered_scope_result,5000,latent_task_id,05093edf39d1bf7a4b49851756b982c1c80d2824a3411522494eefebf22ee858
D1,broad,low,within_scope,2520,-0.060177086405254133,-0.0646883700017008,-0.05588300404486792,covered_scope_result,5000,latent_task_id,05093edf39d1bf7a4b49851756b982c1c80d2824a3411522494eefebf22ee858
D1,broad,low,post_scope,2520,-0.33225401042281116,-0.35608840064581565,-0.3080660653046695,covered_scope_result,5000,latent_task_id,05093edf39d1bf7a4b49851756b982c1c80d2824a3411522494eefebf22ee858
D1,broad,medium,within_scope,2520,-0.0016049907467716312,-0.0017083930656408154,-0.0015028331227247647,covered_scope_result,5000,latent_task_id,05093edf39d1bf7a4b49851756b982c1c80d2824a3411522494eefebf22ee858
D1,broad,medium,post_scope,2520,-0.015261541225382673,-0.016137659521844323,-0.014424199335184096,covered_scope_result,5000,latent_task_id,05093edf39d1bf7a4b49851756b982c1c80d2824a3411522494eefebf22ee858
D1,covered_biased,high,within_scope,2520,-7.69764651866435e-05,-9.51678765677104e-05,-6.060836448442603e-05,covered_scope_result,5000,latent_task_id,05093edf39d1bf7a4b49851756b982c1c80d2824a3411522494eefebf22ee858
D1,covered_biased,high,post_scope,2520,-0.0009753046405756972,-0.0011945675248542025,-0.000771214238317565,covered_scope_result,5000,latent_task_id,05093edf39d1bf7a4b49851756b982c1c80d2824a3411522494eefebf22ee858
D1,covered_biased,low,within_scope,2520,-0.02973348243797901,-0.031753919149951876,-0.02775763229606516,covered_scope_result,5000,latent_task_id,05093edf39d1bf7a4b49851756b982c1c80d2824a3411522494eefebf22ee858
D1,covered_biased,low,post_scope,2520,-0.16266872716563377,-0.17323333555228287,-0.15227140966668073,covered_scope_result,5000,latent_task_id,05093edf39d1bf7a4b49851756b982c1c80d2824a3411522494eefebf22ee858
D1,covered_biased,medium,within_scope,2520,-0.0010941166224099875,-0.0012727912168608794,-0.0009208287995427205,covered_scope_result,5000,latent_task_id,05093edf39d1bf7a4b49851756b982c1c80d2824a3411522494eefebf22ee858
D1,covered_biased,medium,post_scope,2520,-0.009296080198491688,-0.010816074842923105,-0.007798952571949328,covered_scope_result,5000,latent_task_id,05093edf39d1bf7a4b49851756b982c1c80d2824a3411522494eefebf22ee858
D1,exact,high,within_scope,2520,0.0,0.0,0.0,equivalence_audit,5000,latent_task_id,05093edf39d1bf7a4b49851756b982c1c80d2824a3411522494eefebf22ee858
D1,exact,high,post_scope,2520,0.0,0.0,0.0,equivalence_audit,5000,latent_task_id,05093edf39d1bf7a4b49851756b982c1c80d2824a3411522494eefebf22ee858
D1,exact,low,within_scope,2520,0.0,0.0,0.0,equivalence_audit,5000,latent_task_id,05093edf39d1bf7a4b49851756b982c1c80d2824a3411522494eefebf22ee858
D1,exact,low,post_scope,2520,0.0,0.0,0.0,equivalence_audit,5000,latent_task_id,05093edf39d1bf7a4b49851756b982c1c80d2824a3411522494eefebf22ee858
D1,exact,medium,within_scope,2520,0.0,0.0,0.0,equivalence_audit,5000,latent_task_id,05093edf39d1bf7a4b49851756b982c1c80d2824a3411522494eefebf22ee858
D1,exact,medium,post_scope,2520,0.0,0.0,0.0,equivalence_audit,5000,latent_task_id,05093edf39d1bf7a4b49851756b982c1c80d2824a3411522494eefebf22ee858
D1,existence_only,high,within_scope,2520,-0.0002611992085199321,-0.0003278318388690448,-0.0001970612698385689,covered_scope_result,5000,latent_task_id,05093edf39d1bf7a4b49851756b982c1c80d2824a3411522494eefebf22ee858
D1,existence_only,high,post_scope,2520,-0.016295915683858162,-0.016907338840725917,-0.015716511975261374,covered_scope_result,5000,latent_task_id,05093edf39d1bf7a4b49851756b982c1c80d2824a3411522494eefebf22ee858
D1,existence_only,low,within_scope,2520,-0.053654457298989336,-0.05687661716756699,-0.05040236150020331,covered_scope_result,5000,latent_task_id,05093edf39d1bf7a4b49851756b982c1c80d2824a3411522494eefebf22ee858
D1,existence_only,low,post_scope,2520,-0.30583957443995663,-0.3232791506975698,-0.28787096523344646,covered_scope_result,5000,latent_task_id,05093edf39d1bf7a4b49851756b982c1c80d2824a3411522494eefebf22ee858
D1,existence_only,medium,within_scope,2520,-0.0025037008078218964,-0.002737871192014804,-0.002273368996340449,covered_scope_result,5000,latent_task_id,05093edf39d1bf7a4b49851756b982c1c80d2824a3411522494eefebf22ee858
D1,existence_only,medium,post_scope,2520,-0.03975346369445543,-0.04122661690914184,-0.03828363173100224,covered_scope_result,5000,latent_task_id,05093edf39d1bf7a4b49851756b982c1c80d2824a3411522494eefebf22ee858
D1,narrow,high,within_scope,2520,-3.183846572764213e-05,-4.0206166672058676e-05,-2.4576791718675042e-05,covered_scope_result,5000,latent_task_id,05093edf39d1bf7a4b49851756b982c1c80d2824a3411522494eefebf22ee858
D1,narrow,high,post_scope,2520,-0.0003943475016705119,-0.000494789564107136,-0.0003010937440002777,covered_scope_result,5000,latent_task_id,05093edf39d1bf7a4b49851756b982c1c80d2824a3411522494eefebf22ee858
D1,narrow,low,within_scope,2520,-0.030077600075820103,-0.03197212501744503,-0.02814361341596775,covered_scope_result,5000,latent_task_id,05093edf39d1bf7a4b49851756b982c1c80d2824a3411522494eefebf22ee858
D1,narrow,low,post_scope,2520,-0.16442292544296475,-0.174983403896078,-0.15420047042873522,covered_scope_result,5000,latent_task_id,05093edf39d1bf7a4b49851756b982c1c80d2824a3411522494eefebf22ee858
D1,narrow,medium,within_scope,2520,-0.0008179985945394396,-0.000955753191862893,-0.000691781106908669,covered_scope_result,5000,latent_task_id,05093edf39d1bf7a4b49851756b982c1c80d2824a3411522494eefebf22ee858
D1,narrow,medium,post_scope,2520,-0.006914179366859952,-0.008063822743404699,-0.005793234083269041,covered_scope_result,5000,latent_task_id,05093edf39d1bf7a4b49851756b982c1c80d2824a3411522494eefebf22ee858
D1,uncovered_biased,high,within_scope,2520,-0.0005527073013949488,-0.0006370602386276342,-0.0004719956810507454,validity_failure_stratum,5000,latent_task_id,05093edf39d1bf7a4b49851756b982c1c80d2824a3411522494eefebf22ee858
D1,uncovered_biased,high,post_scope,2520,-0.007884512745839345,-0.008913338071272646,-0.006894383672514873,validity_failure_stratum,5000,latent_task_id,05093edf39d1bf7a4b49851756b982c1c80d2824a3411522494eefebf22ee858
D1,uncovered_biased,low,within_scope,2520,-0.02338205590943623,-0.02524158722580423,-0.02149211995105027,validity_failure_stratum,5000,latent_task_id,05093edf39d1bf7a4b49851756b982c1c80d2824a3411522494eefebf22ee858
D1,uncovered_biased,low,post_scope,2520,-0.13092135366266017,-0.14155678626558185,-0.12089014441550253,validity_failure_stratum,5000,latent_task_id,05093edf39d1bf7a4b49851756b982c1c80d2824a3411522494eefebf22ee858
D1,uncovered_biased,medium,within_scope,2520,-0.002448826206524425,-0.002702155108469882,-0.0022063065738285627,validity_failure_stratum,5000,latent_task_id,05093edf39d1bf7a4b49851756b982c1c80d2824a3411522494eefebf22ee858
D1,uncovered_biased,medium,post_scope,2520,-0.021629108385232958,-0.023886722256702363,-0.0194962929499682,validity_failure_stratum,5000,latent_task_id,05093edf39d1bf7a4b49851756b982c1c80d2824a3411522494eefebf22ee858
D2,broad,high,within_scope,2520,0.001298375145176724,0.0011862246014353697,0.0014115712720344253,covered_scope_result,5000,latent_task_id,05093edf39d1bf7a4b49851756b982c1c80d2824a3411522494eefebf22ee858
D2,broad,high,post_scope,2520,0.01898596073714462,0.017620784390571558,0.020362044562280846,covered_scope_result,5000,latent_task_id,05093edf39d1bf7a4b49851756b982c1c80d2824a3411522494eefebf22ee858
D2,broad,low,within_scope,2520,0.01410892778428863,0.012803100089768283,0.015520284526405324,covered_scope_result,5000,latent_task_id,05093edf39d1bf7a4b49851756b982c1c80d2824a3411522494eefebf22ee858
D2,broad,low,post_scope,2520,0.07655379066848149,0.06945208250051653,0.08411157880891193,covered_scope_result,5000,latent_task_id,05093edf39d1bf7a4b49851756b982c1c80d2824a3411522494eefebf22ee858
D2,broad,medium,within_scope,2520,0.003644231035428537,0.00332602289258247,0.003969791194254895,covered_scope_result,5000,latent_task_id,05093edf39d1bf7a4b49851756b982c1c80d2824a3411522494eefebf22ee858
D2,broad,medium,post_scope,2520,0.03143267084189695,0.02885629474008392,0.034219619177869226,covered_scope_result,5000,latent_task_id,05093edf39d1bf7a4b49851756b982c1c80d2824a3411522494eefebf22ee858
D2,covered_biased,high,within_scope,2520,0.00015009058952011013,0.00011868105361062657,0.00018575154092553055,covered_scope_result,5000,latent_task_id,05093edf39d1bf7a4b49851756b982c1c80d2824a3411522494eefebf22ee858
D2,covered_biased,high,post_scope,2520,0.001870654602937601,0.0014637371015171713,0.002298074139426712,covered_scope_result,5000,latent_task_id,05093edf39d1bf7a4b49851756b982c1c80d2824a3411522494eefebf22ee858
D2,covered_biased,low,within_scope,2520,0.001980740785827463,0.0017905781919743608,0.0021744365310524243,covered_scope_result,5000,latent_task_id,05093edf39d1bf7a4b49851756b982c1c80d2824a3411522494eefebf22ee858
D2,covered_biased,low,post_scope,2520,0.010701607158951236,0.009644549496994068,0.011795042505582085,covered_scope_result,5000,latent_task_id,05093edf39d1bf7a4b49851756b982c1c80d2824a3411522494eefebf22ee858
D2,covered_biased,medium,within_scope,2520,0.0006390750389923283,0.0005387695939014868,0.0007448718015046665,covered_scope_result,5000,latent_task_id,05093edf39d1bf7a4b49851756b982c1c80d2824a3411522494eefebf22ee858
D2,covered_biased,medium,post_scope,2520,0.00535360190549381,0.004499869324260328,0.006261430892298171,covered_scope_result,5000,latent_task_id,05093edf39d1bf7a4b49851756b982c1c80d2824a3411522494eefebf22ee858
D2,exact,high,within_scope,2520,0.0,0.0,0.0,equivalence_audit,5000,latent_task_id,05093edf39d1bf7a4b49851756b982c1c80d2824a3411522494eefebf22ee858
D2,exact,high,post_scope,2520,0.0,0.0,0.0,equivalence_audit,5000,latent_task_id,05093edf39d1bf7a4b49851756b982c1c80d2824a3411522494eefebf22ee858
D2,exact,low,within_scope,2520,0.0,0.0,0.0,equivalence_audit,5000,latent_task_id,05093edf39d1bf7a4b49851756b982c1c80d2824a3411522494eefebf22ee858
D2,exact,low,post_scope,2520,0.0,0.0,0.0,equivalence_audit,5000,latent_task_id,05093edf39d1bf7a4b49851756b982c1c80d2824a3411522494eefebf22ee858
D2,exact,medium,within_scope,2520,0.0,0.0,0.0,equivalence_audit,5000,latent_task_id,05093edf39d1bf7a4b49851756b982c1c80d2824a3411522494eefebf22ee858
D2,exact,medium,post_scope,2520,0.0,0.0,0.0,equivalence_audit,5000,latent_task_id,05093edf39d1bf7a4b49851756b982c1c80d2824a3411522494eefebf22ee858
D2,existence_only,high,within_scope,2520,0.002207748823240323,0.001980390070106934,0.0024309792097976777,covered_scope_result,5000,latent_task_id,05093edf39d1bf7a4b49851756b982c1c80d2824a3411522494eefebf22ee858
D2,existence_only,high,post_scope,2520,0.05188570398935179,0.049371991008331735,0.05443328847632733,covered_scope_result,5000,latent_task_id,05093edf39d1bf7a4b49851756b982c1c80d2824a3411522494eefebf22ee858
D2,existence_only,low,within_scope,2520,0.024562322608265644,0.022042850774423067,0.027143802400214842,covered_scope_result,5000,latent_task_id,05093edf39d1bf7a4b49851756b982c1c80d2824a3411522494eefebf22ee858
D2,existence_only,low,post_scope,2520,0.13291114034545795,0.11877027264130115,0.1472423895585837,covered_scope_result,5000,latent_task_id,05093edf39d1bf7a4b49851756b982c1c80d2824a3411522494eefebf22ee858
D2,existence_only,medium,within_scope,2520,0.005731183733086557,0.005285452713979836,0.006199245252806135,covered_scope_result,5000,latent_task_id,05093edf39d1bf7a4b49851756b982c1c80d2824a3411522494eefebf22ee858
D2,existence_only,medium,post_scope,2520,0.054762791931258666,0.05078442624978134,0.05873760800623267,covered_scope_result,5000,latent_task_id,05093edf39d1bf7a4b49851756b982c1c80d2824a3411522494eefebf22ee858
D2,narrow,high,within_scope,2520,9.447819250061792e-05,7.047632721307708e-05,0.00012185088048799825,covered_scope_result,5000,latent_task_id,05093edf39d1bf7a4b49851756b982c1c80d2824a3411522494eefebf22ee858
D2,narrow,high,post_scope,2520,0.001146060765025541,0.0008628238652137745,0.0014762836571321318,covered_scope_result,5000,latent_task_id,05093edf39d1bf7a4b49851756b982c1c80d2824a3411522494eefebf22ee858
D2,narrow,low,within_scope,2520,0.001934502331259389,0.0017607525049845028,0.002122120317421197,covered_scope_result,5000,latent_task_id,05093edf39d1bf7a4b49851756b982c1c80d2824a3411522494eefebf22ee858
D2,narrow,low,post_scope,2520,0.010437124610363504,0.00948908575781498,0.011443791300677063,covered_scope_result,5000,latent_task_id,05093edf39d1bf7a4b49851756b982c1c80d2824a3411522494eefebf22ee858
D2,narrow,medium,within_scope,2520,0.0006020169086119516,0.0005073406095742908,0.0007038491393579288,covered_scope_result,5000,latent_task_id,05093edf39d1bf7a4b49851756b982c1c80d2824a3411522494eefebf22ee858
D2,narrow,medium,post_scope,2520,0.005031729123533391,0.004223936033786322,0.005893986666940593,covered_scope_result,5000,latent_task_id,05093edf39d1bf7a4b49851756b982c1c80d2824a3411522494eefebf22ee858
D2,uncovered_biased,high,within_scope,2520,0.0005166273142385194,0.00044399307660648814,0.0005904091369768984,validity_failure_stratum,5000,latent_task_id,05093edf39d1bf7a4b49851756b982c1c80d2824a3411522494eefebf22ee858
D2,uncovered_biased,high,post_scope,2520,0.007870441877194191,0.00698905719701267,0.008827166567966963,validity_failure_stratum,5000,latent_task_id,05093edf39d1bf7a4b49851756b982c1c80d2824a3411522494eefebf22ee858
D2,uncovered_biased,low,within_scope,2520,0.0019701609754831655,0.0017095228540617987,0.0022468573490213874,validity_failure_stratum,5000,latent_task_id,05093edf39d1bf7a4b49851756b982c1c80d2824a3411522494eefebf22ee858
D2,uncovered_biased,low,post_scope,2520,0.010890260741034528,0.009459811801511233,0.012413759292439989,validity_failure_stratum,5000,latent_task_id,05093edf39d1bf7a4b49851756b982c1c80d2824a3411522494eefebf22ee858
D2,uncovered_biased,medium,within_scope,2520,0.0009175228045848702,0.0008036543075452188,0.0010393033437467584,validity_failure_stratum,5000,latent_task_id,05093edf39d1bf7a4b49851756b982c1c80d2824a3411522494eefebf22ee858
D2,uncovered_biased,medium,post_scope,2520,0.008171320690046474,0.007158346198023963,0.009202701755652869,validity_failure_stratum,5000,latent_task_id,05093edf39d1bf7a4b49851756b982c1c80d2824a3411522494eefebf22ee858
