primitive,separability,dof,prefix,lo,hi
asymptote,high,1,0.2,0.21666666666666667,0.6
asymptote,high,1,0.3,0.3,0.7000000000000001
asymptote,high,1,0.4,0.35000000000000003,0.7666666666666666
asymptote,high,1,0.5,0.4666666666666666,0.85
asymptote,high,1,0.6,0.4666666666666666,0.85
asymptote,high,1,0.7,0.4833333333333334,0.8666666666666667
asymptote,high,3,0.2,0.21666666666666667,0.6
asymptote,high,3,0.3,0.3,0.7000000000000001
asymptote,high,3,0.4,0.3666666666666667,0.7666666666666666
asymptote,high,3,0.5,0.4666666666666666,0.85
asymptote,high,3,0.6,0.4666666666666666,0.85
asymptote,high,3,0.7,0.4833333333333334,0.8666666666666667
asymptote,high,5,0.2,0.21666666666666667,0.6
asymptote,high,5,0.3,0.3,0.7166666666666667
asymptote,high,5,0.4,0.3666666666666667,0.7666666666666666
asymptote,high,5,0.5,0.4666666666666666,0.85
asymptote,high,5,0.6,0.4666666666666666,0.8666666666666667
asymptote,high,5,0.7,0.4833333333333334,0.8666666666666667
asymptote,low,1,0.2,0.0,0.0
asymptote,low,1,0.3,0.0,0.0
asymptote,low,1,0.4,0.0,0.0
asymptote,low,1,0.5,0.0,0.0
asymptote,low,1,0.6,0.0,0.0
asymptote,low,1,0.7,0.0,0.0
asymptote,low,3,0.2,0.0,0.0
asymptote,low,3,0.3,0.0,0.0
asymptote,low,3,0.4,0.0,0.0
asymptote,low,3,0.5,0.0,0.0
asymptote,low,3,0.6,0.0,0.0
asymptote,low,3,0.7,0.0,0.0
asymptote,low,5,0.2,0.0,0.0
asymptote,low,5,0.3,0.0,0.0
asymptote,low,5,0.4,0.0,0.0
asymptote,low,5,0.5,0.0,0.0
asymptote,low,5,0.6,0.0,0.0
asymptote,low,5,0.7,0.0,0.0
asymptote,mid,1,0.2,0.0,0.2333333333333333
asymptote,mid,1,0.3,0.13333333333333333,0.5333333333333333
asymptote,mid,1,0.4,0.2333333333333333,0.6333333333333333
asymptote,mid,1,0.5,0.2833333333333333,0.6833333333333332
asymptote,mid,1,0.6,0.3333333333333333,0.7333333333333334
asymptote,mid,1,0.7,0.3499999999999999,0.75
asymptote,mid,3,0.2,0.0,0.2333333333333333
asymptote,mid,3,0.3,0.13333333333333333,0.5166666666666667
asymptote,mid,3,0.4,0.21666666666666667,0.6166666666666667
asymptote,mid,3,0.5,0.26666666666666666,0.6666666666666666
asymptote,mid,3,0.6,0.31666666666666665,0.7333333333333334
asymptote,mid,3,0.7,0.3333333333333333,0.7333333333333334
asymptote,mid,5,0.2,0.0,0.2333333333333333
asymptote,mid,5,0.3,0.13333333333333333,0.5166666666666667
asymptote,mid,5,0.4,0.21666666666666667,0.6166666666666667
asymptote,mid,5,0.5,0.26666666666666666,0.6666666666666666
asymptote,mid,5,0.6,0.31666666666666665,0.7166666666666667
asymptote,mid,5,0.7,0.3333333333333333,0.7333333333333334
bound,high,1,0.2,0.0,0.0
bound,high,1,0.3,0.0,0.0
bound,high,1,0.4,0.0,0.0
bound,high,1,0.5,0.0,0.0
bound,high,1,0.6,0.0,0.0
bound,high,1,0.7,0.0,0.0
bound,high,3,0.2,0.0,0.0
bound,high,3,0.3,0.0,0.0
bound,high,3,0.4,0.0,0.0
bound,high,3,0.5,0.0,0.0
bound,high,3,0.6,0.0,0.0
bound,high,3,0.7,0.0,0.0
bound,high,5,0.2,0.0,0.0
bound,high,5,0.3,0.0,0.0
bound,high,5,0.4,0.0,0.0
bound,high,5,0.5,0.0,0.0
bound,high,5,0.6,0.0,0.0
bound,high,5,0.7,0.0,0.0
bound,low,1,0.2,0.0,0.0
bound,low,1,0.3,0.0,0.0
bound,low,1,0.4,0.0,0.0
bound,low,1,0.5,0.0,0.0
bound,low,1,0.6,0.0,0.0
bound,low,1,0.7,0.0,0.0
bound,low,3,0.2,0.0,0.0
bound,low,3,0.3,0.0,0.0
bound,low,3,0.4,0.0,0.0
bound,low,3,0.5,0.0,0.0
bound,low,3,0.6,0.0,0.0
bound,low,3,0.7,0.0,0.0
bound,low,5,0.2,0.0,0.0
bound,low,5,0.3,0.0,0.0
bound,low,5,0.4,0.0,0.0
bound,low,5,0.5,0.0,0.0
bound,low,5,0.6,0.0,0.0
bound,low,5,0.7,0.0,0.0
bound,mid,1,0.2,0.0,0.0
bound,mid,1,0.3,0.0,0.0
bound,mid,1,0.4,0.0,0.0
bound,mid,1,0.5,0.0,0.0
bound,mid,1,0.6,0.0,0.0
bound,mid,1,0.7,0.0,0.0
bound,mid,3,0.2,0.0,0.0
bound,mid,3,0.3,0.0,0.0
bound,mid,3,0.4,0.0,0.0
bound,mid,3,0.5,0.0,0.0
bound,mid,3,0.6,0.0,0.0
bound,mid,3,0.7,0.0,0.0
bound,mid,5,0.2,0.0,0.0
bound,mid,5,0.3,0.0,0.0
bound,mid,5,0.4,0.0,0.0
bound,mid,5,0.5,0.0,0.0
bound,mid,5,0.6,0.0,0.0
bound,mid,5,0.7,0.0,0.0
curvature,high,1,0.2,0.0,0.0
curvature,high,1,0.3,0.0,0.0
curvature,high,1,0.4,0.0,0.0
curvature,high,1,0.5,0.0,0.21666666666666665
curvature,high,1,0.6,0.03333333333333333,0.2833333333333333
curvature,high,1,0.7,0.03333333333333333,0.2833333333333333
curvature,high,3,0.2,0.0,0.0
curvature,high,3,0.3,0.0,0.0
curvature,high,3,0.4,0.0,0.0
curvature,high,3,0.5,0.0,0.2833333333333333
curvature,high,3,0.6,0.03333333333333333,0.3333333333333333
curvature,high,3,0.7,0.016666666666666666,0.3333333333333333
curvature,high,5,0.2,0.0,0.0
curvature,high,5,0.3,0.0,0.0
curvature,high,5,0.4,0.0,0.0
curvature,high,5,0.5,0.0,0.26666666666666666
curvature,high,5,0.6,0.016666666666666666,0.3333333333333333
curvature,high,5,0.7,0.016666666666666666,0.3333333333333333
curvature,low,1,0.2,0.0,0.0
curvature,low,1,0.3,0.0,0.0
curvature,low,1,0.4,0.0,0.0
curvature,low,1,0.5,0.0,0.0
curvature,low,1,0.6,0.0,0.0
curvature,low,1,0.7,0.0,0.0
curvature,low,3,0.2,0.0,0.0
curvature,low,3,0.3,0.0,0.0
curvature,low,3,0.4,0.0,0.0
curvature,low,3,0.5,0.0,0.0
curvature,low,3,0.6,0.0,0.0
curvature,low,3,0.7,0.0,0.0
curvature,low,5,0.2,0.0,0.0
curvature,low,5,0.3,0.0,0.0
curvature,low,5,0.4,0.0,0.0
curvature,low,5,0.5,0.0,0.0
curvature,low,5,0.6,0.0,0.0
curvature,low,5,0.7,0.0,0.0
curvature,mid,1,0.2,0.0,0.0
curvature,mid,1,0.3,0.0,0.0
curvature,mid,1,0.4,0.0,0.0
curvature,mid,1,0.5,0.0,0.0
curvature,mid,1,0.6,0.0,0.18333333333333335
curvature,mid,1,0.7,0.0,0.18333333333333335
curvature,mid,3,0.2,0.0,0.0
curvature,mid,3,0.3,0.0,0.0
curvature,mid,3,0.4,0.0,0.0
curvature,mid,3,0.5,0.0,0.0
curvature,mid,3,0.6,0.0,0.18333333333333335
curvature,mid,3,0.7,0.0,0.18333333333333335
curvature,mid,5,0.2,0.0,0.0
curvature,mid,5,0.3,0.0,0.0
curvature,mid,5,0.4,0.0,0.0
curvature,mid,5,0.5,0.0,0.0
curvature,mid,5,0.6,0.0,0.13333333333333333
curvature,mid,5,0.7,0.0,0.13333333333333333
direction,high,1,0.2,0.0,0.0
direction,high,1,0.3,0.0,0.0
direction,high,1,0.4,0.016666666666666666,0.2833333333333334
direction,high,1,0.5,0.016666666666666666,0.2833333333333334
direction,high,1,0.6,0.016666666666666666,0.3170833333333273
direction,high,1,0.7,0.016666666666666666,0.31666666666666665
direction,high,3,0.2,0.0,0.0
direction,high,3,0.3,0.0,0.0
direction,high,3,0.4,0.016666666666666666,0.2833333333333334
direction,high,3,0.5,0.016666666666666666,0.2833333333333334
direction,high,3,0.6,0.016666666666666666,0.31666666666666665
direction,high,3,0.7,0.016666666666666666,0.31666666666666665
direction,high,5,0.2,0.0,0.0
direction,high,5,0.3,0.0,0.0
direction,high,5,0.4,0.0,0.25
direction,high,5,0.5,0.0,0.25
direction,high,5,0.6,0.0,0.2833333333333333
direction,high,5,0.7,0.0,0.2833333333333333
direction,low,1,0.2,0.0,0.0
direction,low,1,0.3,0.0,0.0
direction,low,1,0.4,0.0,0.0
direction,low,1,0.5,0.0,0.0
direction,low,1,0.6,0.0,0.0
direction,low,1,0.7,0.0,0.0
direction,low,3,0.2,0.0,0.0
direction,low,3,0.3,0.0,0.0
direction,low,3,0.4,0.0,0.0
direction,low,3,0.5,0.0,0.0
direction,low,3,0.6,0.0,0.0
direction,low,3,0.7,0.0,0.0
direction,low,5,0.2,0.0,0.0
direction,low,5,0.3,0.0,0.0
direction,low,5,0.4,0.0,0.0
direction,low,5,0.5,0.0,0.0
direction,low,5,0.6,0.0,0.0
direction,low,5,0.7,0.0,0.0
direction,mid,1,0.2,0.0,0.0
direction,mid,1,0.3,0.0,0.0
direction,mid,1,0.4,0.0,0.049999999999999996
direction,mid,1,0.5,0.0,0.15
direction,mid,1,0.6,0.0,0.18333333333333335
direction,mid,1,0.7,0.0,0.18333333333333335
direction,mid,3,0.2,0.0,0.0
direction,mid,3,0.3,0.0,0.0
direction,mid,3,0.4,0.0,0.049999999999999996
direction,mid,3,0.5,0.0,0.15
direction,mid,3,0.6,0.0,0.18333333333333335
direction,mid,3,0.7,0.0,0.18333333333333335
direction,mid,5,0.2,0.0,0.0
direction,mid,5,0.3,0.0,0.0
direction,mid,5,0.4,0.0,0.049999999999999996
direction,mid,5,0.5,0.0,0.09999999999999999
direction,mid,5,0.6,0.0,0.13333333333333333
direction,mid,5,0.7,0.0,0.13333333333333333
inflection,high,1,0.2,0.0,0.0
inflection,high,1,0.3,0.0,0.0
inflection,high,1,0.4,0.0,0.0
inflection,high,1,0.5,0.0,0.0
inflection,high,1,0.6,0.0,0.0
inflection,high,1,0.7,0.0,0.0
inflection,high,3,0.2,0.0,0.0
inflection,high,3,0.3,0.0,0.0
inflection,high,3,0.4,0.0,0.0
inflection,high,3,0.5,0.0,0.0
inflection,high,3,0.6,0.0,0.0
inflection,high,3,0.7,0.0,0.0
inflection,high,5,0.2,0.0,0.0
inflection,high,5,0.3,0.0,0.0
inflection,high,5,0.4,0.0,0.0
inflection,high,5,0.5,0.0,0.0
inflection,high,5,0.6,0.0,0.0
inflection,high,5,0.7,0.0,0.0
inflection,low,1,0.2,0.0,0.0
inflection,low,1,0.3,0.0,0.0
inflection,low,1,0.4,0.0,0.0
inflection,low,1,0.5,0.0,0.0
inflection,low,1,0.6,0.0,0.0
inflection,low,1,0.7,0.0,0.0
inflection,low,3,0.2,0.0,0.0
inflection,low,3,0.3,0.0,0.0
inflection,low,3,0.4,0.0,0.0
inflection,low,3,0.5,0.0,0.0
inflection,low,3,0.6,0.0,0.0
inflection,low,3,0.7,0.0,0.0
inflection,low,5,0.2,0.0,0.0
inflection,low,5,0.3,0.0,0.0
inflection,low,5,0.4,0.0,0.0
inflection,low,5,0.5,0.0,0.0
inflection,low,5,0.6,0.0,0.0
inflection,low,5,0.7,0.0,0.0
inflection,mid,1,0.2,0.0,0.0
inflection,mid,1,0.3,0.0,0.0
inflection,mid,1,0.4,0.0,0.0
inflection,mid,1,0.5,0.0,0.0
inflection,mid,1,0.6,0.0,0.0
inflection,mid,1,0.7,0.0,0.0
inflection,mid,3,0.2,0.0,0.0
inflection,mid,3,0.3,0.0,0.0
inflection,mid,3,0.4,0.0,0.0
inflection,mid,3,0.5,0.0,0.0
inflection,mid,3,0.6,0.0,0.0
inflection,mid,3,0.7,0.0,0.0
inflection,mid,5,0.2,0.0,0.0
inflection,mid,5,0.3,0.0,0.0
inflection,mid,5,0.4,0.0,0.0
inflection,mid,5,0.5,0.0,0.0
inflection,mid,5,0.6,0.0,0.0
inflection,mid,5,0.7,0.0,0.0
regime,high,1,0.2,0.0,0.0
regime,high,1,0.3,0.0,0.0
regime,high,1,0.4,0.0,0.0
regime,high,1,0.5,0.0,0.0
regime,high,1,0.6,0.0,0.0
regime,high,1,0.7,0.0,0.18333333333333335
regime,high,3,0.2,0.0,0.0
regime,high,3,0.3,0.0,0.0
regime,high,3,0.4,0.0,0.0
regime,high,3,0.5,0.0,0.0
regime,high,3,0.6,0.0,0.0
regime,high,3,0.7,0.0,0.18333333333333335
regime,high,5,0.2,0.0,0.0
regime,high,5,0.3,0.0,0.0
regime,high,5,0.4,0.0,0.0
regime,high,5,0.5,0.0,0.0
regime,high,5,0.6,0.0,0.0
regime,high,5,0.7,0.0,0.18333333333333335
regime,low,1,0.2,0.0,0.0
regime,low,1,0.3,0.0,0.0
regime,low,1,0.4,0.0,0.0
regime,low,1,0.5,0.0,0.0
regime,low,1,0.6,0.0,0.0
regime,low,1,0.7,0.0,0.0
regime,low,3,0.2,0.0,0.0
regime,low,3,0.3,0.0,0.0
regime,low,3,0.4,0.0,0.0
regime,low,3,0.5,0.0,0.0
regime,low,3,0.6,0.0,0.0
regime,low,3,0.7,0.0,0.0
regime,low,5,0.2,0.0,0.0
regime,low,5,0.3,0.0,0.0
regime,low,5,0.4,0.0,0.0
regime,low,5,0.5,0.0,0.0
regime,low,5,0.6,0.0,0.0
regime,low,5,0.7,0.0,0.0
regime,mid,1,0.2,0.0,0.0
regime,mid,1,0.3,0.0,0.0
regime,mid,1,0.4,0.0,0.0
regime,mid,1,0.5,0.0,0.0
regime,mid,1,0.6,0.0,0.0
regime,mid,1,0.7,0.0,0.0
regime,mid,3,0.2,0.0,0.0
regime,mid,3,0.3,0.0,0.0
regime,mid,3,0.4,0.0,0.0
regime,mid,3,0.5,0.0,0.0
regime,mid,3,0.6,0.0,0.0
regime,mid,3,0.7,0.0,0.0
regime,mid,5,0.2,0.0,0.0
regime,mid,5,0.3,0.0,0.0
regime,mid,5,0.4,0.0,0.0
regime,mid,5,0.5,0.0,0.0
regime,mid,5,0.6,0.0,0.0
regime,mid,5,0.7,0.0,0.0
turning,high,1,0.2,0.0,0.0
turning,high,1,0.3,0.0,0.0
turning,high,1,0.4,0.0,0.049999999999999996
turning,high,1,0.5,0.0,0.049999999999999996
turning,high,1,0.6,0.0,0.049999999999999996
turning,high,1,0.7,0.0,0.049999999999999996
turning,high,3,0.2,0.0,0.0
turning,high,3,0.3,0.0,0.049999999999999996
turning,high,3,0.4,0.0,0.08333333333333333
turning,high,3,0.5,0.0,0.08333333333333333
turning,high,3,0.6,0.0,0.08333333333333333
turning,high,3,0.7,0.0,0.08333333333333333
turning,high,5,0.2,0.0,0.0
turning,high,5,0.3,0.0,0.049999999999999996
turning,high,5,0.4,0.0,0.08333333333333333
turning,high,5,0.5,0.0,0.08333333333333333
turning,high,5,0.6,0.0,0.08333333333333333
turning,high,5,0.7,0.0,0.08333333333333333
turning,low,1,0.2,0.0,0.0
turning,low,1,0.3,0.0,0.0
turning,low,1,0.4,0.0,0.0
turning,low,1,0.5,0.0,0.0
turning,low,1,0.6,0.0,0.0
turning,low,1,0.7,0.0,0.0
turning,low,3,0.2,0.0,0.0
turning,low,3,0.3,0.0,0.0
turning,low,3,0.4,0.0,0.0
turning,low,3,0.5,0.0,0.0
turning,low,3,0.6,0.0,0.0
turning,low,3,0.7,0.0,0.0
turning,low,5,0.2,0.0,0.0
turning,low,5,0.3,0.0,0.0
turning,low,5,0.4,0.0,0.0
turning,low,5,0.5,0.0,0.0
turning,low,5,0.6,0.0,0.0
turning,low,5,0.7,0.0,0.0
turning,mid,1,0.2,0.0,0.0
turning,mid,1,0.3,0.0,0.0
turning,mid,1,0.4,0.0,0.0
turning,mid,1,0.5,0.0,0.0
turning,mid,1,0.6,0.0,0.0
turning,mid,1,0.7,0.0,0.0
turning,mid,3,0.2,0.0,0.0
turning,mid,3,0.3,0.0,0.0
turning,mid,3,0.4,0.0,0.0
turning,mid,3,0.5,0.0,0.0
turning,mid,3,0.6,0.0,0.0
turning,mid,3,0.7,0.0,0.0
turning,mid,5,0.2,0.0,0.0
turning,mid,5,0.3,0.0,0.0
turning,mid,5,0.4,0.0,0.0
turning,mid,5,0.5,0.0,0.0
turning,mid,5,0.6,0.0,0.0
turning,mid,5,0.7,0.0,0.0
