task_id,intent_name,generator,row_role,operation_id,operation_type,source_atom,target_atom,candidate_atoms,coverage,D_violation,D_violation_semantics,S,ESS,N_survive,p_weighted,floor_hit,delta_S,floor_status,sharpness_class
direction+curvature+bound:spline:0,direction+curvature+bound,spline,baseline,P_full,baseline,,,curvature_convex|direction_decreasing|lower_bound_0,1,0.0,not_applicable_valid_baseline,3.386494418286972,1695.8995065711829,77,0.033713241033138254,0,0.0,baseline,valid_baseline
direction+curvature+bound:spline:0,direction+curvature+bound,spline,operation,omit:curvature_convex,omission,curvature_convex,,direction_decreasing|lower_bound_0,1,0.0,not_applicable_coverage_preserving_omission,1.4053301296636438,1695.8995065711829,683,0.24522388085954785,0,1.9811642886233283,exact,coverage_preserving_omission
direction+curvature+bound:spline:0,direction+curvature+bound,spline,operation,omit:direction_decreasing,omission,direction_decreasing,,curvature_convex|lower_bound_0,1,0.0,not_applicable_coverage_preserving_omission,1.7142471249057911,1695.8995065711829,508,0.1800211611665705,0,1.672247293381181,exact,coverage_preserving_omission
direction+curvature+bound:spline:0,direction+curvature+bound,spline,operation,omit:lower_bound_0,omission,lower_bound_0,,curvature_convex|direction_decreasing,1,0.0,not_applicable_coverage_preserving_omission,2.8126145659085235,1695.8995065711829,245,0.059940377863833307,0,0.5738798523784485,exact,coverage_preserving_omission
direction+curvature+bound:spline:0,direction+curvature+bound,spline,operation,add:regime_postchange,false_addition,,regime_postchange,curvature_convex|direction_decreasing|lower_bound_0|regime_postchange,0,1.0,latent_mechanism_mismatch_indicator,4.0169586088602935,1695.8995065711829,40,0.017889976131682823,0,0.6304641905733215,exact,inherited_sharp_wrong
direction+curvature+bound:spline:0,direction+curvature+bound,spline,operation,reverse:curvature_convex->curvature_concave,reversal,curvature_convex,curvature_concave,curvature_concave|direction_decreasing|lower_bound_0,0,1.0,wrong_sign_second_derivative_fraction,3.27585953774573,1695.8995065711829,92,0.03767153255764543,0,-0.11063488054124226,exact,inherited_sharp_wrong
direction+curvature+bound:spline:0,direction+curvature+bound,spline,operation,reverse:direction_decreasing->direction_increasing,reversal,direction_decreasing,direction_increasing,curvature_convex|direction_increasing|lower_bound_0,0,1.0,wrong_sign_derivative_fraction,6.5036137076046066,1695.8995065711829,33,0.0013763114222012096,0,3.1171192893176345,exact,inherited_sharp_wrong
direction+curvature+bound:basis:0,direction+curvature+bound,basis,baseline,P_full,baseline,,,curvature_convex|direction_decreasing|lower_bound_0,1,0.0,not_applicable_valid_baseline,9.011157458106817,1484.8943612212627,0,0.0,0,0.0,baseline,valid_baseline
direction+curvature+bound:basis:0,direction+curvature+bound,basis,operation,omit:curvature_convex,omission,curvature_convex,,direction_decreasing|lower_bound_0,1,0.0,not_applicable_coverage_preserving_omission,9.011157458106817,1484.8943612212627,0,0.0,0,0.0,exact,coverage_preserving_omission
direction+curvature+bound:basis:0,direction+curvature+bound,basis,operation,omit:direction_decreasing,omission,direction_decreasing,,curvature_convex|lower_bound_0,1,0.0,not_applicable_coverage_preserving_omission,8.46082103852327,1484.8943612212627,4,8.957961623779569e-05,0,0.5503364195835481,exact,coverage_preserving_omission
direction+curvature+bound:basis:0,direction+curvature+bound,basis,operation,omit:lower_bound_0,omission,lower_bound_0,,curvature_convex|direction_decreasing,1,0.0,not_applicable_coverage_preserving_omission,2.6192962211908695,1484.8943612212627,448,0.07274983431096074,0,6.391861236915948,exact,coverage_preserving_omission
direction+curvature+bound:basis:0,direction+curvature+bound,basis,operation,add:regime_postchange,false_addition,,regime_postchange,curvature_convex|direction_decreasing|lower_bound_0|regime_postchange,0,1.0,latent_mechanism_mismatch_indicator,9.011157458106817,1484.8943612212627,0,0.0,0,0.0,exact,inherited_sharp_wrong
direction+curvature+bound:basis:0,direction+curvature+bound,basis,operation,reverse:curvature_convex->curvature_concave,reversal,curvature_convex,curvature_concave,curvature_concave|direction_decreasing|lower_bound_0,0,1.0,wrong_sign_second_derivative_fraction,9.011157458106817,1484.8943612212627,0,0.0,0,0.0,exact,inherited_sharp_wrong
direction+curvature+bound:basis:0,direction+curvature+bound,basis,operation,reverse:direction_decreasing->direction_increasing,reversal,direction_decreasing,direction_increasing,curvature_convex|direction_increasing|lower_bound_0,0,1.0,wrong_sign_derivative_fraction,9.00921047517601,1484.8943612212627,1,2.3790033358857132e-07,0,-0.001946982930807195,exact,inherited_sharp_wrong
direction+curvature+bound:ode:0,direction+curvature+bound,ode,baseline,P_full,baseline,,,curvature_convex|direction_decreasing|lower_bound_0,1,0.0,not_applicable_valid_baseline,9.011157458106817,1133.6284454135628,0,0.0,0,0.0,baseline,valid_baseline
direction+curvature+bound:ode:0,direction+curvature+bound,ode,operation,omit:curvature_convex,omission,curvature_convex,,direction_decreasing|lower_bound_0,1,0.0,not_applicable_coverage_preserving_omission,6.475509380481978,1133.6284454135628,3,0.0014190197661897981,0,2.535648077624839,exact,coverage_preserving_omission
direction+curvature+bound:ode:0,direction+curvature+bound,ode,operation,omit:direction_decreasing,omission,direction_decreasing,,curvature_convex|lower_bound_0,1,0.0,not_applicable_coverage_preserving_omission,8.920493863975368,1133.6284454135628,2,1.1584547400598451e-05,0,0.09066359413144909,exact,coverage_preserving_omission
direction+curvature+bound:ode:0,direction+curvature+bound,ode,operation,omit:lower_bound_0,omission,lower_bound_0,,curvature_convex|direction_decreasing,1,0.0,not_applicable_coverage_preserving_omission,2.7890274071357166,1133.6284454135628,502,0.06137392050166587,0,6.222130050971101,exact,coverage_preserving_omission
direction+curvature+bound:ode:0,direction+curvature+bound,ode,operation,add:regime_postchange,false_addition,,regime_postchange,curvature_convex|direction_decreasing|lower_bound_0|regime_postchange,0,1.0,latent_mechanism_mismatch_indicator,9.011157458106817,1133.6284454135628,0,0.0,0,0.0,exact,inherited_sharp_wrong
direction+curvature+bound:ode:0,direction+curvature+bound,ode,operation,reverse:curvature_convex->curvature_concave,reversal,curvature_convex,curvature_concave,curvature_concave|direction_decreasing|lower_bound_0,0,1.0,wrong_sign_second_derivative_fraction,9.011157458106817,1133.6284454135628,0,0.0,0,0.0,exact,inherited_sharp_wrong
direction+curvature+bound:ode:0,direction+curvature+bound,ode,operation,reverse:direction_decreasing->direction_increasing,reversal,direction_decreasing,direction_increasing,curvature_convex|direction_increasing|lower_bound_0,0,1.0,wrong_sign_derivative_fraction,9.01115745768817,1133.6284454135628,1,5.1104263584966394e-14,0,-4.1864645083933283e-10,exact,inherited_sharp_wrong
direction+curvature+asymptote:spline:0,direction+curvature+asymptote,spline,baseline,P_full,baseline,,,asymptote_to_0_from_above|curvature_convex|direction_decreasing,1,0.0,not_applicable_valid_baseline,7.064933563391011,2330.000932223235,1,0.0007326900102766927,0,0.0,baseline,valid_baseline
direction+curvature+asymptote:spline:0,direction+curvature+asymptote,spline,operation,omit:asymptote_to_0_from_above,omission,asymptote_to_0_from_above,,curvature_convex|direction_decreasing,1,0.0,not_applicable_coverage_preserving_omission,2.119140174192844,2330.000932223235,462,0.12004213867775067,0,4.945793389198167,exact,coverage_preserving_omission
direction+curvature+asymptote:spline:0,direction+curvature+asymptote,spline,operation,omit:curvature_convex,omission,curvature_convex,,asymptote_to_0_from_above|direction_decreasing,1,0.0,not_applicable_coverage_preserving_omission,7.064933563391011,2330.000932223235,1,0.0007326900102766927,0,0.0,exact,coverage_preserving_omission
direction+curvature+asymptote:spline:0,direction+curvature+asymptote,spline,operation,omit:direction_decreasing,omission,direction_decreasing,,asymptote_to_0_from_above|curvature_convex,1,0.0,not_applicable_coverage_preserving_omission,6.393771430453241,2330.000932223235,3,0.0015502765710065504,0,0.6711621329377699,exact,coverage_preserving_omission
direction+curvature+asymptote:spline:0,direction+curvature+asymptote,spline,operation,add:regime_postchange,false_addition,,regime_postchange,asymptote_to_0_from_above|curvature_convex|direction_decreasing|regime_postchange,0,1.0,latent_mechanism_mismatch_indicator,9.011157458106817,2330.000932223235,0,0.0,0,1.9462238947158061,exact,inherited_sharp_wrong
direction+curvature+asymptote:spline:0,direction+curvature+asymptote,spline,operation,reverse:asymptote_to_0_from_above->asymptote_to_0_from_below,reversal,asymptote_to_0_from_above,asymptote_to_0_from_below,asymptote_to_0_from_below|curvature_convex|direction_decreasing,0,1.0,latent_mechanism_mismatch_indicator,3.9068316839962565,2330.000932223235,86,0.019986934307934957,0,-3.1581018793947546,exact,inherited_sharp_wrong
direction+curvature+asymptote:spline:0,direction+curvature+asymptote,spline,operation,reverse:curvature_convex->curvature_concave,reversal,curvature_convex,curvature_concave,asymptote_to_0_from_above|curvature_concave|direction_decreasing,0,1.0,wrong_sign_second_derivative_fraction,9.011157458106817,2330.000932223235,0,0.0,0,1.9462238947158061,exact,inherited_sharp_wrong
direction+curvature+asymptote:spline:0,direction+curvature+asymptote,spline,operation,reverse:direction_decreasing->direction_increasing,reversal,direction_decreasing,direction_increasing,asymptote_to_0_from_above|curvature_convex|direction_increasing,0,1.0,wrong_sign_derivative_fraction,9.011157458106817,2330.000932223235,0,0.0,0,1.9462238947158061,exact,inherited_sharp_wrong
direction+curvature+asymptote:basis:0,direction+curvature+asymptote,basis,baseline,P_full,baseline,,,asymptote_to_0_from_above|curvature_convex|direction_decreasing,1,0.0,not_applicable_valid_baseline,9.011157458106817,864.3937047018346,0,0.0,0,0.0,baseline,valid_baseline
direction+curvature+asymptote:basis:0,direction+curvature+asymptote,basis,operation,omit:asymptote_to_0_from_above,omission,asymptote_to_0_from_above,,curvature_convex|direction_decreasing,1,0.0,not_applicable_coverage_preserving_omission,2.8839552779465034,864.3937047018346,721,0.05580475312315959,0,6.127202180160314,exact,coverage_preserving_omission
direction+curvature+asymptote:basis:0,direction+curvature+asymptote,basis,operation,omit:curvature_convex,omission,curvature_convex,,asymptote_to_0_from_above|direction_decreasing,1,0.0,not_applicable_coverage_preserving_omission,9.011157458106817,864.3937047018346,0,0.0,0,0.0,exact,coverage_preserving_omission
direction+curvature+asymptote:basis:0,direction+curvature+asymptote,basis,operation,omit:direction_decreasing,omission,direction_decreasing,,asymptote_to_0_from_above|curvature_convex,1,0.0,not_applicable_coverage_preserving_omission,9.011157458106817,864.3937047018346,0,0.0,0,0.0,exact,coverage_preserving_omission
direction+curvature+asymptote:basis:0,direction+curvature+asymptote,basis,operation,add:regime_postchange,false_addition,,regime_postchange,asymptote_to_0_from_above|curvature_convex|direction_decreasing|regime_postchange,0,1.0,latent_mechanism_mismatch_indicator,9.011157458106817,864.3937047018346,0,0.0,0,0.0,exact,inherited_sharp_wrong
direction+curvature+asymptote:basis:0,direction+curvature+asymptote,basis,operation,reverse:asymptote_to_0_from_above->asymptote_to_0_from_below,reversal,asymptote_to_0_from_above,asymptote_to_0_from_below,asymptote_to_0_from_below|curvature_convex|direction_decreasing,0,1.0,latent_mechanism_mismatch_indicator,2.8973431585916067,864.3937047018346,712,0.05506100122581152,0,-6.1138142995152105,exact,inherited_sharp_wrong
direction+curvature+asymptote:basis:0,direction+curvature+asymptote,basis,operation,reverse:curvature_convex->curvature_concave,reversal,curvature_convex,curvature_concave,asymptote_to_0_from_above|curvature_concave|direction_decreasing,0,1.0,wrong_sign_second_derivative_fraction,9.011157458106817,864.3937047018346,0,0.0,0,0.0,exact,inherited_sharp_wrong
direction+curvature+asymptote:basis:0,direction+curvature+asymptote,basis,operation,reverse:direction_decreasing->direction_increasing,reversal,direction_decreasing,direction_increasing,asymptote_to_0_from_above|curvature_convex|direction_increasing,0,1.0,wrong_sign_derivative_fraction,9.011157458106817,864.3937047018346,0,0.0,0,0.0,exact,inherited_sharp_wrong
direction+curvature+asymptote:ode:0,direction+curvature+asymptote,ode,baseline,P_full,baseline,,,asymptote_to_0_from_above|curvature_convex|direction_decreasing,1,0.0,not_applicable_valid_baseline,9.011157458106817,1019.2537255784429,0,0.0,0,0.0,baseline,valid_baseline
direction+curvature+asymptote:ode:0,direction+curvature+asymptote,ode,operation,omit:asymptote_to_0_from_above,omission,asymptote_to_0_from_above,,curvature_convex|direction_decreasing,1,0.0,not_applicable_coverage_preserving_omission,2.810511836889801,1019.2537255784429,673,0.06006680579180257,0,6.200645621217016,exact,coverage_preserving_omission
direction+curvature+asymptote:ode:0,direction+curvature+asymptote,ode,operation,omit:curvature_convex,omission,curvature_convex,,asymptote_to_0_from_above|direction_decreasing,1,0.0,not_applicable_coverage_preserving_omission,9.011157458106817,1019.2537255784429,0,0.0,0,0.0,exact,coverage_preserving_omission
direction+curvature+asymptote:ode:0,direction+curvature+asymptote,ode,operation,omit:direction_decreasing,omission,direction_decreasing,,asymptote_to_0_from_above|curvature_convex,1,0.0,not_applicable_coverage_preserving_omission,9.011157458106817,1019.2537255784429,0,0.0,0,0.0,exact,coverage_preserving_omission
direction+curvature+asymptote:ode:0,direction+curvature+asymptote,ode,operation,add:regime_postchange,false_addition,,regime_postchange,asymptote_to_0_from_above|curvature_convex|direction_decreasing|regime_postchange,0,1.0,latent_mechanism_mismatch_indicator,9.011157458106817,1019.2537255784429,0,0.0,0,0.0,exact,inherited_sharp_wrong
direction+curvature+asymptote:ode:0,direction+curvature+asymptote,ode,operation,reverse:asymptote_to_0_from_above->asymptote_to_0_from_below,reversal,asymptote_to_0_from_above,asymptote_to_0_from_below,asymptote_to_0_from_below|curvature_convex|direction_decreasing,0,1.0,latent_mechanism_mismatch_indicator,2.8133609009056415,1019.2537255784429,669,0.05989556788045613,0,-6.197796557201176,exact,inherited_sharp_wrong
direction+curvature+asymptote:ode:0,direction+curvature+asymptote,ode,operation,reverse:curvature_convex->curvature_concave,reversal,curvature_convex,curvature_concave,asymptote_to_0_from_above|curvature_concave|direction_decreasing,0,1.0,wrong_sign_second_derivative_fraction,9.011157458106817,1019.2537255784429,0,0.0,0,0.0,exact,inherited_sharp_wrong
direction+curvature+asymptote:ode:0,direction+curvature+asymptote,ode,operation,reverse:direction_decreasing->direction_increasing,reversal,direction_decreasing,direction_increasing,asymptote_to_0_from_above|curvature_convex|direction_increasing,0,1.0,wrong_sign_derivative_fraction,9.011157458106817,1019.2537255784429,0,0.0,0,0.0,exact,inherited_sharp_wrong
direction+inflection+bound:spline:0,direction+inflection+bound,spline,baseline,P_full,baseline,,,direction_decreasing|inflection_concave_to_convex|lower_bound_0,1,0.0,not_applicable_valid_baseline,2.1026049623150085,356.64873055177844,642,0.12204559749407401,0,0.0,baseline,valid_baseline
direction+inflection+bound:spline:0,direction+inflection+bound,spline,operation,omit:direction_decreasing,omission,direction_decreasing,,inflection_concave_to_convex|lower_bound_0,1,0.0,not_applicable_coverage_preserving_omission,1.3047285930272576,356.64873055177844,1272,0.2711902950412698,0,0.7978763692877509,exact,coverage_preserving_omission
direction+inflection+bound:spline:0,direction+inflection+bound,spline,operation,omit:inflection_concave_to_convex,omission,inflection_concave_to_convex,,direction_decreasing|lower_bound_0,1,0.0,not_applicable_coverage_preserving_omission,0.7708476288182646,356.64873055177844,1416,0.46261164558763784,0,1.3317573334967439,exact,coverage_preserving_omission
direction+inflection+bound:spline:0,direction+inflection+bound,spline,operation,omit:lower_bound_0,omission,lower_bound_0,,direction_decreasing|inflection_concave_to_convex,1,0.0,not_applicable_coverage_preserving_omission,2.0636754712906096,356.64873055177844,713,0.12689530854814443,0,0.03892949102439891,exact,coverage_preserving_omission
direction+inflection+bound:spline:0,direction+inflection+bound,spline,operation,add:regime_postchange,false_addition,,regime_postchange,direction_decreasing|inflection_concave_to_convex|lower_bound_0|regime_postchange,0,1.0,latent_mechanism_mismatch_indicator,2.6796729473884557,356.64873055177844,329,0.06848025579442694,0,0.5770679850734473,exact,inherited_sharp_wrong
direction+inflection+bound:spline:0,direction+inflection+bound,spline,operation,reverse:direction_decreasing->direction_increasing,reversal,direction_decreasing,direction_increasing,direction_increasing|inflection_concave_to_convex|lower_bound_0,0,1.0,wrong_sign_derivative_fraction,6.524668369904435,356.64873055177844,65,0.0013450932975547997,0,4.422063407589427,exact,inherited_sharp_wrong
direction+inflection+bound:spline:0,direction+inflection+bound,spline,operation,reverse:inflection_concave_to_convex->inflection_convex_to_concave,reversal,inflection_concave_to_convex,inflection_convex_to_concave,direction_decreasing|inflection_convex_to_concave|lower_bound_0,0,1.0,event_pattern_mismatch_indicator,1.997753129508589,356.64873055177844,368,0.1355507508122003,0,-0.10485183280641941,exact,inherited_sharp_wrong
direction+inflection+bound:basis:0,direction+inflection+bound,basis,baseline,P_full,baseline,,,direction_decreasing|inflection_concave_to_convex|lower_bound_0,1,0.0,not_applicable_valid_baseline,8.778113087889775,144.70715189265016,333,3.203582674684354e-05,0,0.0,baseline,valid_baseline
direction+inflection+bound:basis:0,direction+inflection+bound,basis,operation,omit:direction_decreasing,omission,direction_decreasing,,inflection_concave_to_convex|lower_bound_0,1,0.0,not_applicable_coverage_preserving_omission,6.091075022339791,144.70715189265016,1356,0.002141457029785409,0,2.6870380655499835,exact,coverage_preserving_omission
direction+inflection+bound:basis:0,direction+inflection+bound,basis,operation,omit:inflection_concave_to_convex,omission,inflection_concave_to_convex,,direction_decreasing|lower_bound_0,1,0.0,not_applicable_coverage_preserving_omission,4.53687746506956,144.70715189265016,657,0.0105873303756724,0,4.241235622820215,exact,coverage_preserving_omission
direction+inflection+bound:basis:0,direction+inflection+bound,basis,operation,omit:lower_bound_0,omission,lower_bound_0,,direction_decreasing|inflection_concave_to_convex,1,0.0,not_applicable_coverage_preserving_omission,8.778113087889775,144.70715189265016,333,3.203582674684354e-05,0,0.0,exact,coverage_preserving_omission
direction+inflection+bound:basis:0,direction+inflection+bound,basis,operation,add:regime_postchange,false_addition,,regime_postchange,direction_decreasing|inflection_concave_to_convex|lower_bound_0|regime_postchange,0,1.0,latent_mechanism_mismatch_indicator,8.930327376941126,144.70715189265016,170,1.0276691550460342e-05,0,0.1522142890513507,exact,inherited_sharp_wrong
direction+inflection+bound:basis:0,direction+inflection+bound,basis,operation,reverse:direction_decreasing->direction_increasing,reversal,direction_decreasing,direction_increasing,direction_increasing|inflection_concave_to_convex|lower_bound_0,0,1.0,wrong_sign_derivative_fraction,7.888838939338188,144.70715189265016,309,0.00025292582632607927,0,-0.8892741485515865,exact,inherited_sharp_wrong
direction+inflection+bound:basis:0,direction+inflection+bound,basis,operation,reverse:inflection_concave_to_convex->inflection_convex_to_concave,reversal,inflection_concave_to_convex,inflection_convex_to_concave,direction_decreasing|inflection_convex_to_concave|lower_bound_0,0,1.0,event_pattern_mismatch_indicator,4.646660633054484,144.70715189265016,117,0.009473856871195386,0,-4.131452454835291,exact,inherited_sharp_wrong
direction+inflection+bound:ode:0,direction+inflection+bound,ode,baseline,P_full,baseline,,,direction_decreasing|inflection_concave_to_convex|lower_bound_0,1,0.0,not_applicable_valid_baseline,9.011157458106666,45.87274520965625,193,1.841682679538025e-17,0,0.0,baseline,valid_baseline
direction+inflection+bound:ode:0,direction+inflection+bound,ode,operation,omit:direction_decreasing,omission,direction_decreasing,,inflection_concave_to_convex|lower_bound_0,1,0.0,not_applicable_coverage_preserving_omission,8.71267770295959,45.87274520965625,1342,4.2457061858029716e-05,0,0.2984797551470759,exact,coverage_preserving_omission
direction+inflection+bound:ode:0,direction+inflection+bound,ode,operation,omit:inflection_concave_to_convex,omission,inflection_concave_to_convex,,direction_decreasing|lower_bound_0,1,0.0,not_applicable_coverage_preserving_omission,9.011157454831146,45.87274520965625,367,3.998620745207042e-13,0,3.2755202994394494e-09,exact,coverage_preserving_omission
direction+inflection+bound:ode:0,direction+inflection+bound,ode,operation,omit:lower_bound_0,omission,lower_bound_0,,direction_decreasing|inflection_concave_to_convex,1,0.0,not_applicable_coverage_preserving_omission,9.011157458106666,45.87274520965625,193,1.841682679538025e-17,0,0.0,exact,coverage_preserving_omission
direction+inflection+bound:ode:0,direction+inflection+bound,ode,operation,add:regime_postchange,false_addition,,regime_postchange,direction_decreasing|inflection_concave_to_convex|lower_bound_0|regime_postchange,0,1.0,latent_mechanism_mismatch_indicator,9.01115745810669,45.87274520965625,94,1.5453368994646444e-17,0,2.3092638912203256e-14,exact,inherited_sharp_wrong
direction+inflection+bound:ode:0,direction+inflection+bound,ode,operation,reverse:direction_decreasing->direction_increasing,reversal,direction_decreasing,direction_increasing,direction_increasing|inflection_concave_to_convex|lower_bound_0,0,1.0,wrong_sign_derivative_fraction,8.720401472557112,45.87274520965625,500,4.119118528863644e-05,0,-0.29075598554955384,exact,inherited_sharp_wrong
direction+inflection+bound:ode:0,direction+inflection+bound,ode,operation,reverse:inflection_concave_to_convex->inflection_convex_to_concave,reversal,inflection_concave_to_convex,inflection_convex_to_concave,direction_decreasing|inflection_convex_to_concave|lower_bound_0,0,1.0,event_pattern_mismatch_indicator,9.011157454838333,45.87274520965625,45,3.989848386448433e-13,0,-3.268333159667236e-09,exact,inherited_sharp_wrong
direction+inflection+asymptote:spline:0,direction+inflection+asymptote,spline,baseline,P_full,baseline,,,asymptote_to_0_from_above|direction_decreasing|inflection_concave_to_convex,1,0.0,not_applicable_valid_baseline,9.008492085020636,195.28944093750368,154,3.257969178497291e-07,0,0.0,baseline,valid_baseline
direction+inflection+asymptote:spline:0,direction+inflection+asymptote,spline,operation,omit:asymptote_to_0_from_above,omission,asymptote_to_0_from_above,,direction_decreasing|inflection_concave_to_convex,1,0.0,not_applicable_coverage_preserving_omission,8.909191136474796,195.28944093750368,410,1.310378143162669e-05,0,0.09930094854584048,exact,coverage_preserving_omission
direction+inflection+asymptote:spline:0,direction+inflection+asymptote,spline,operation,omit:direction_decreasing,omission,direction_decreasing,,asymptote_to_0_from_above|inflection_concave_to_convex,1,0.0,not_applicable_coverage_preserving_omission,7.79852461088146,195.28944093750368,464,0.0002883698118289987,0,1.2099674741391766,exact,coverage_preserving_omission
direction+inflection+asymptote:spline:0,direction+inflection+asymptote,spline,operation,omit:inflection_concave_to_convex,omission,inflection_concave_to_convex,,asymptote_to_0_from_above|direction_decreasing,1,0.0,not_applicable_coverage_preserving_omission,5.0783122226280675,195.28944093750368,236,0.006109866486697622,0,3.930179862392569,exact,coverage_preserving_omission
direction+inflection+asymptote:spline:0,direction+inflection+asymptote,spline,operation,add:regime_postchange,false_addition,,regime_postchange,asymptote_to_0_from_above|direction_decreasing|inflection_concave_to_convex|regime_postchange,0,1.0,latent_mechanism_mismatch_indicator,9.008765071310236,195.28944093750368,69,2.9238901823509243e-07,0,0.00027298628960004123,exact,inherited_sharp_wrong
direction+inflection+asymptote:spline:0,direction+inflection+asymptote,spline,operation,reverse:asymptote_to_0_from_above->asymptote_to_0_from_below,reversal,asymptote_to_0_from_above,asymptote_to_0_from_below,asymptote_to_0_from_below|direction_decreasing|inflection_concave_to_convex,0,1.0,latent_mechanism_mismatch_indicator,9.011157458106817,195.28944093750368,0,0.0,0,0.0026653730861809777,exact,inherited_sharp_wrong
direction+inflection+asymptote:spline:0,direction+inflection+asymptote,spline,operation,reverse:direction_decreasing->direction_increasing,reversal,direction_decreasing,direction_increasing,asymptote_to_0_from_above|direction_increasing|inflection_concave_to_convex,0,1.0,wrong_sign_derivative_fraction,8.515419027069408,195.28944093750368,73,7.833375015252149e-05,0,-0.4930730579512286,exact,inherited_sharp_wrong
direction+inflection+asymptote:spline:0,direction+inflection+asymptote,spline,operation,reverse:inflection_concave_to_convex->inflection_convex_to_concave,reversal,inflection_concave_to_convex,inflection_convex_to_concave,asymptote_to_0_from_above|direction_decreasing|inflection_convex_to_concave,0,1.0,event_pattern_mismatch_indicator,8.981915362827241,195.28944093750368,42,3.622295346669702e-06,0,-0.02657672219339524,exact,inherited_sharp_wrong
direction+inflection+asymptote:basis:0,direction+inflection+asymptote,basis,baseline,P_full,baseline,,,asymptote_to_0_from_above|direction_decreasing|inflection_concave_to_convex,1,0.0,not_applicable_valid_baseline,2.202158059101222,334.8194364569,310,0.1104692193537054,0,0.0,baseline,valid_baseline
direction+inflection+asymptote:basis:0,direction+inflection+asymptote,basis,operation,omit:asymptote_to_0_from_above,omission,asymptote_to_0_from_above,,direction_decreasing|inflection_concave_to_convex,1,0.0,not_applicable_coverage_preserving_omission,1.7788029840530353,334.8194364569,763,0.16875928110724048,0,0.4233550750481867,exact,coverage_preserving_omission
direction+inflection+asymptote:basis:0,direction+inflection+asymptote,basis,operation,omit:direction_decreasing,omission,direction_decreasing,,asymptote_to_0_from_above|inflection_concave_to_convex,1,0.0,not_applicable_coverage_preserving_omission,1.6121971959330497,334.8194364569,634,0.1993755272325317,0,0.5899608631681723,exact,coverage_preserving_omission
direction+inflection+asymptote:basis:0,direction+inflection+asymptote,basis,operation,omit:inflection_concave_to_convex,omission,inflection_concave_to_convex,,asymptote_to_0_from_above|direction_decreasing,1,0.0,not_applicable_coverage_preserving_omission,1.7395967610988419,334.8194364569,478,0.17551199017308838,0,0.4625612980023801,exact,coverage_preserving_omission
direction+inflection+asymptote:basis:0,direction+inflection+asymptote,basis,operation,add:regime_postchange,false_addition,,regime_postchange,asymptote_to_0_from_above|direction_decreasing|inflection_concave_to_convex|regime_postchange,0,1.0,latent_mechanism_mismatch_indicator,2.916979648426891,334.8194364569,139,0.053987969173103494,0,0.7148215893256689,exact,inherited_sharp_wrong
direction+inflection+asymptote:basis:0,direction+inflection+asymptote,basis,operation,reverse:asymptote_to_0_from_above->asymptote_to_0_from_below,reversal,asymptote_to_0_from_above,asymptote_to_0_from_below,asymptote_to_0_from_below|direction_decreasing|inflection_concave_to_convex,0,1.0,latent_mechanism_mismatch_indicator,9.011157458106817,334.8194364569,0,0.0,0,6.808999399005595,exact,inherited_sharp_wrong
direction+inflection+asymptote:basis:0,direction+inflection+asymptote,basis,operation,reverse:direction_decreasing->direction_increasing,reversal,direction_decreasing,direction_increasing,asymptote_to_0_from_above|direction_increasing|inflection_concave_to_convex,0,1.0,wrong_sign_derivative_fraction,9.010493932341475,334.8194364569,31,8.10236752024093e-08,0,6.808335873240253,exact,inherited_sharp_wrong
direction+inflection+asymptote:basis:0,direction+inflection+asymptote,basis,operation,reverse:inflection_concave_to_convex->inflection_convex_to_concave,reversal,inflection_concave_to_convex,inflection_convex_to_concave,asymptote_to_0_from_above|direction_decreasing|inflection_convex_to_concave,0,1.0,event_pattern_mismatch_indicator,3.9456415029622334,334.8194364569,101,0.019221457563769882,0,1.7434834438610114,exact,inherited_sharp_wrong
direction+inflection+asymptote:ode:0,direction+inflection+asymptote,ode,baseline,P_full,baseline,,,asymptote_to_0_from_above|direction_decreasing|inflection_concave_to_convex,1,0.0,not_applicable_valid_baseline,8.99741471871235,189.0410671667875,157,1.689160755621086e-06,0,0.0,baseline,valid_baseline
direction+inflection+asymptote:ode:0,direction+inflection+asymptote,ode,operation,omit:asymptote_to_0_from_above,omission,asymptote_to_0_from_above,,direction_decreasing|inflection_concave_to_convex,1,0.0,not_applicable_coverage_preserving_omission,7.002291005037383,189.0410671667875,403,0.0007879470361269737,0,1.9951237136749658,exact,coverage_preserving_omission
direction+inflection+asymptote:ode:0,direction+inflection+asymptote,ode,operation,omit:direction_decreasing,omission,direction_decreasing,,asymptote_to_0_from_above|inflection_concave_to_convex,1,0.0,not_applicable_coverage_preserving_omission,7.652587474550494,189.0410671667875,481,0.0003528595780227167,0,1.3448272441618556,exact,coverage_preserving_omission
direction+inflection+asymptote:ode:0,direction+inflection+asymptote,ode,operation,omit:inflection_concave_to_convex,omission,inflection_concave_to_convex,,asymptote_to_0_from_above|direction_decreasing,1,0.0,not_applicable_coverage_preserving_omission,7.144873192535144,189.0410671667875,234,0.0006670205503506825,0,1.8525415261772054,exact,coverage_preserving_omission
direction+inflection+asymptote:ode:0,direction+inflection+asymptote,ode,operation,add:regime_postchange,false_addition,,regime_postchange,asymptote_to_0_from_above|direction_decreasing|inflection_concave_to_convex|regime_postchange,0,1.0,latent_mechanism_mismatch_indicator,8.99784590915728,189.0410671667875,78,1.6358083566323902e-06,0,0.0004311904449316728,exact,inherited_sharp_wrong
direction+inflection+asymptote:ode:0,direction+inflection+asymptote,ode,operation,reverse:asymptote_to_0_from_above->asymptote_to_0_from_below,reversal,asymptote_to_0_from_above,asymptote_to_0_from_below,asymptote_to_0_from_below|direction_decreasing|inflection_concave_to_convex,0,1.0,latent_mechanism_mismatch_indicator,9.011157458106817,189.0410671667875,0,0.0,0,0.013742739394468018,exact,inherited_sharp_wrong
direction+inflection+asymptote:ode:0,direction+inflection+asymptote,ode,operation,reverse:direction_decreasing->direction_increasing,reversal,direction_decreasing,direction_increasing,asymptote_to_0_from_above|direction_increasing|inflection_concave_to_convex,0,1.0,wrong_sign_derivative_fraction,7.68371733556704,189.0410671667875,91,0.00033830282687956733,0,-1.3136973831453096,exact,inherited_sharp_wrong
direction+inflection+asymptote:ode:0,direction+inflection+asymptote,ode,operation,reverse:inflection_concave_to_convex->inflection_convex_to_concave,reversal,inflection_concave_to_convex,inflection_convex_to_concave,asymptote_to_0_from_above|direction_decreasing|inflection_convex_to_concave,0,1.0,event_pattern_mismatch_indicator,9.01028940100763,189.0410671667875,36,1.0601000607789346e-07,0,0.012874682295281659,exact,inherited_sharp_wrong
curvature+bound+asymptote:spline:0,curvature+bound+asymptote,spline,baseline,P_full,baseline,,,asymptote_to_0_from_above|curvature_convex|lower_bound_0,1,0.0,not_applicable_valid_baseline,9.011157458106817,268.52665626797415,0,0.0,0,0.0,baseline,valid_baseline
curvature+bound+asymptote:spline:0,curvature+bound+asymptote,spline,operation,omit:asymptote_to_0_from_above,omission,asymptote_to_0_from_above,,curvature_convex|lower_bound_0,1,0.0,not_applicable_coverage_preserving_omission,9.011157458106817,268.52665626797415,0,0.0,0,0.0,exact,coverage_preserving_omission
curvature+bound+asymptote:spline:0,curvature+bound+asymptote,spline,operation,omit:curvature_convex,omission,curvature_convex,,asymptote_to_0_from_above|lower_bound_0,1,0.0,not_applicable_coverage_preserving_omission,9.011157458106817,268.52665626797415,0,0.0,0,0.0,exact,coverage_preserving_omission
curvature+bound+asymptote:spline:0,curvature+bound+asymptote,spline,operation,omit:lower_bound_0,omission,lower_bound_0,,asymptote_to_0_from_above|curvature_convex,1,0.0,not_applicable_coverage_preserving_omission,9.011157458106817,268.52665626797415,0,0.0,0,0.0,exact,coverage_preserving_omission
curvature+bound+asymptote:spline:0,curvature+bound+asymptote,spline,operation,add:regime_postchange,false_addition,,regime_postchange,asymptote_to_0_from_above|curvature_convex|lower_bound_0|regime_postchange,0,1.0,latent_mechanism_mismatch_indicator,9.011157458106817,268.52665626797415,0,0.0,0,0.0,exact,inherited_sharp_wrong
curvature+bound+asymptote:spline:0,curvature+bound+asymptote,spline,operation,reverse:asymptote_to_0_from_above->asymptote_to_0_from_below,reversal,asymptote_to_0_from_above,asymptote_to_0_from_below,asymptote_to_0_from_below|curvature_convex|lower_bound_0,0,1.0,latent_mechanism_mismatch_indicator,9.011157458106817,268.52665626797415,0,0.0,0,0.0,exact,inherited_sharp_wrong
curvature+bound+asymptote:spline:0,curvature+bound+asymptote,spline,operation,reverse:curvature_convex->curvature_concave,reversal,curvature_convex,curvature_concave,asymptote_to_0_from_above|curvature_concave|lower_bound_0,0,1.0,wrong_sign_second_derivative_fraction,9.011157458106817,268.52665626797415,0,0.0,0,0.0,exact,inherited_sharp_wrong
curvature+bound+asymptote:basis:0,curvature+bound+asymptote,basis,baseline,P_full,baseline,,,asymptote_to_0_from_above|curvature_convex|lower_bound_0,1,0.0,not_applicable_valid_baseline,9.011157458106817,163.4002862758141,0,0.0,0,0.0,baseline,valid_baseline
curvature+bound+asymptote:basis:0,curvature+bound+asymptote,basis,operation,omit:asymptote_to_0_from_above,omission,asymptote_to_0_from_above,,curvature_convex|lower_bound_0,1,0.0,not_applicable_coverage_preserving_omission,9.011157458106817,163.4002862758141,0,0.0,0,0.0,exact,coverage_preserving_omission
curvature+bound+asymptote:basis:0,curvature+bound+asymptote,basis,operation,omit:curvature_convex,omission,curvature_convex,,asymptote_to_0_from_above|lower_bound_0,1,0.0,not_applicable_coverage_preserving_omission,9.011157458106817,163.4002862758141,0,0.0,0,0.0,exact,coverage_preserving_omission
curvature+bound+asymptote:basis:0,curvature+bound+asymptote,basis,operation,omit:lower_bound_0,omission,lower_bound_0,,asymptote_to_0_from_above|curvature_convex,1,0.0,not_applicable_coverage_preserving_omission,9.011157458106817,163.4002862758141,0,0.0,0,0.0,exact,coverage_preserving_omission
curvature+bound+asymptote:basis:0,curvature+bound+asymptote,basis,operation,add:regime_postchange,false_addition,,regime_postchange,asymptote_to_0_from_above|curvature_convex|lower_bound_0|regime_postchange,0,1.0,latent_mechanism_mismatch_indicator,9.011157458106817,163.4002862758141,0,0.0,0,0.0,exact,inherited_sharp_wrong
curvature+bound+asymptote:basis:0,curvature+bound+asymptote,basis,operation,reverse:asymptote_to_0_from_above->asymptote_to_0_from_below,reversal,asymptote_to_0_from_above,asymptote_to_0_from_below,asymptote_to_0_from_below|curvature_convex|lower_bound_0,0,1.0,latent_mechanism_mismatch_indicator,9.011157458106817,163.4002862758141,0,0.0,0,0.0,exact,inherited_sharp_wrong
curvature+bound+asymptote:basis:0,curvature+bound+asymptote,basis,operation,reverse:curvature_convex->curvature_concave,reversal,curvature_convex,curvature_concave,asymptote_to_0_from_above|curvature_concave|lower_bound_0,0,1.0,wrong_sign_second_derivative_fraction,9.011157458106817,163.4002862758141,0,0.0,0,0.0,exact,inherited_sharp_wrong
curvature+bound+asymptote:ode:0,curvature+bound+asymptote,ode,baseline,P_full,baseline,,,asymptote_to_0_from_above|curvature_convex|lower_bound_0,1,0.0,not_applicable_valid_baseline,9.011157458106817,75.53430588054049,0,0.0,0,0.0,baseline,valid_baseline
curvature+bound+asymptote:ode:0,curvature+bound+asymptote,ode,operation,omit:asymptote_to_0_from_above,omission,asymptote_to_0_from_above,,curvature_convex|lower_bound_0,1,0.0,not_applicable_coverage_preserving_omission,9.011157458106817,75.53430588054049,0,0.0,0,0.0,exact,coverage_preserving_omission
curvature+bound+asymptote:ode:0,curvature+bound+asymptote,ode,operation,omit:curvature_convex,omission,curvature_convex,,asymptote_to_0_from_above|lower_bound_0,1,0.0,not_applicable_coverage_preserving_omission,9.011157458106817,75.53430588054049,0,0.0,0,0.0,exact,coverage_preserving_omission
curvature+bound+asymptote:ode:0,curvature+bound+asymptote,ode,operation,omit:lower_bound_0,omission,lower_bound_0,,asymptote_to_0_from_above|curvature_convex,1,0.0,not_applicable_coverage_preserving_omission,9.011157458106817,75.53430588054049,0,0.0,0,0.0,exact,coverage_preserving_omission
curvature+bound+asymptote:ode:0,curvature+bound+asymptote,ode,operation,add:regime_postchange,false_addition,,regime_postchange,asymptote_to_0_from_above|curvature_convex|lower_bound_0|regime_postchange,0,1.0,latent_mechanism_mismatch_indicator,9.011157458106817,75.53430588054049,0,0.0,0,0.0,exact,inherited_sharp_wrong
curvature+bound+asymptote:ode:0,curvature+bound+asymptote,ode,operation,reverse:asymptote_to_0_from_above->asymptote_to_0_from_below,reversal,asymptote_to_0_from_above,asymptote_to_0_from_below,asymptote_to_0_from_below|curvature_convex|lower_bound_0,0,1.0,latent_mechanism_mismatch_indicator,9.011157458106817,75.53430588054049,0,0.0,0,0.0,exact,inherited_sharp_wrong
curvature+bound+asymptote:ode:0,curvature+bound+asymptote,ode,operation,reverse:curvature_convex->curvature_concave,reversal,curvature_convex,curvature_concave,asymptote_to_0_from_above|curvature_concave|lower_bound_0,0,1.0,wrong_sign_second_derivative_fraction,9.011157458106817,75.53430588054049,0,0.0,0,0.0,exact,inherited_sharp_wrong
inflection+bound+asymptote:spline:0,inflection+bound+asymptote,spline,baseline,P_full,baseline,,,asymptote_to_0_from_above|inflection_concave_to_convex|lower_bound_0,1,0.0,not_applicable_valid_baseline,8.15424274519014,195.88093843100742,536,0.00016551280522979003,0,0.0,baseline,valid_baseline
inflection+bound+asymptote:spline:0,inflection+bound+asymptote,spline,operation,omit:asymptote_to_0_from_above,omission,asymptote_to_0_from_above,,inflection_concave_to_convex|lower_bound_0,1,0.0,not_applicable_coverage_preserving_omission,4.848582193415757,195.88093843100742,1381,0.007719328170542105,0,3.305660551774384,exact,coverage_preserving_omission
inflection+bound+asymptote:spline:0,inflection+bound+asymptote,spline,operation,omit:inflection_concave_to_convex,omission,inflection_concave_to_convex,,asymptote_to_0_from_above|lower_bound_0,1,0.0,not_applicable_coverage_preserving_omission,1.825113177614497,195.88093843100742,1332,0.161116683943398,0,6.329129567575643,exact,coverage_preserving_omission
inflection+bound+asymptote:spline:0,inflection+bound+asymptote,spline,operation,omit:lower_bound_0,omission,lower_bound_0,,asymptote_to_0_from_above|inflection_concave_to_convex,1,0.0,not_applicable_coverage_preserving_omission,8.15424274519014,195.88093843100742,536,0.00016551280522979003,0,0.0,exact,coverage_preserving_omission
inflection+bound+asymptote:spline:0,inflection+bound+asymptote,spline,operation,add:regime_postchange,false_addition,,regime_postchange,asymptote_to_0_from_above|inflection_concave_to_convex|lower_bound_0|regime_postchange,0,1.0,latent_mechanism_mismatch_indicator,8.55299586835677,195.88093843100742,260,7.094292997960613e-05,0,0.3987531231666299,exact,inherited_sharp_wrong
inflection+bound+asymptote:spline:0,inflection+bound+asymptote,spline,operation,reverse:asymptote_to_0_from_above->asymptote_to_0_from_below,reversal,asymptote_to_0_from_above,asymptote_to_0_from_below,asymptote_to_0_from_below|inflection_concave_to_convex|lower_bound_0,0,1.0,latent_mechanism_mismatch_indicator,9.011157458106817,195.88093843100742,0,0.0,0,0.8569147129166765,exact,inherited_sharp_wrong
inflection+bound+asymptote:spline:0,inflection+bound+asymptote,spline,operation,reverse:inflection_concave_to_convex->inflection_convex_to_concave,reversal,inflection_concave_to_convex,inflection_convex_to_concave,asymptote_to_0_from_above|inflection_convex_to_concave|lower_bound_0,0,1.0,event_pattern_mismatch_indicator,1.956433227823384,195.88093843100742,552,0.14127416970275847,0,-6.197809517366757,exact,inherited_sharp_wrong
inflection+bound+asymptote:basis:0,inflection+bound+asymptote,basis,baseline,P_full,baseline,,,asymptote_to_0_from_above|inflection_concave_to_convex|lower_bound_0,1,0.0,not_applicable_valid_baseline,1.5929142626612296,328.19319566883024,609,0.20325975539431795,0,0.0,baseline,valid_baseline
inflection+bound+asymptote:basis:0,inflection+bound+asymptote,basis,operation,omit:asymptote_to_0_from_above,omission,asymptote_to_0_from_above,,inflection_concave_to_convex|lower_bound_0,1,0.0,not_applicable_coverage_preserving_omission,0.9773094188712405,328.19319566883024,1316,0.3762920687517706,0,0.6156048437899891,exact,coverage_preserving_omission
inflection+bound+asymptote:basis:0,inflection+bound+asymptote,basis,operation,omit:inflection_concave_to_convex,omission,inflection_concave_to_convex,,asymptote_to_0_from_above|lower_bound_0,1,0.0,not_applicable_coverage_preserving_omission,1.149358951424363,328.19319566883024,1299,0.3167950971605536,0,0.44355531123686665,exact,coverage_preserving_omission
inflection+bound+asymptote:basis:0,inflection+bound+asymptote,basis,operation,omit:lower_bound_0,omission,lower_bound_0,,asymptote_to_0_from_above|inflection_concave_to_convex,1,0.0,not_applicable_coverage_preserving_omission,1.5929142626612296,328.19319566883024,609,0.20325975539431795,0,0.0,exact,coverage_preserving_omission
inflection+bound+asymptote:basis:0,inflection+bound+asymptote,basis,operation,add:regime_postchange,false_addition,,regime_postchange,asymptote_to_0_from_above|inflection_concave_to_convex|lower_bound_0|regime_postchange,0,1.0,latent_mechanism_mismatch_indicator,2.1439703373539665,328.19319566883024,320,0.11709517990353031,0,0.5510560746927369,exact,inherited_sharp_wrong
inflection+bound+asymptote:basis:0,inflection+bound+asymptote,basis,operation,reverse:asymptote_to_0_from_above->asymptote_to_0_from_below,reversal,asymptote_to_0_from_above,asymptote_to_0_from_below,asymptote_to_0_from_below|inflection_concave_to_convex|lower_bound_0,0,1.0,latent_mechanism_mismatch_indicator,9.011157458106817,328.19319566883024,0,0.0,0,7.418243195445587,exact,inherited_sharp_wrong
inflection+bound+asymptote:basis:0,inflection+bound+asymptote,basis,operation,reverse:inflection_concave_to_convex->inflection_convex_to_concave,reversal,inflection_concave_to_convex,inflection_convex_to_concave,asymptote_to_0_from_above|inflection_convex_to_concave|lower_bound_0,0,1.0,event_pattern_mismatch_indicator,3.523033663404371,328.19319566883024,431,0.029394910733269483,0,1.9301194007431413,exact,inherited_sharp_wrong
inflection+bound+asymptote:ode:0,inflection+bound+asymptote,ode,baseline,P_full,baseline,,,asymptote_to_0_from_above|inflection_concave_to_convex|lower_bound_0,1,0.0,not_applicable_valid_baseline,1.377453497498919,385.3116424122316,565,0.2521595217093219,0,0.0,baseline,valid_baseline
inflection+bound+asymptote:ode:0,inflection+bound+asymptote,ode,operation,omit:asymptote_to_0_from_above,omission,asymptote_to_0_from_above,,inflection_concave_to_convex|lower_bound_0,1,0.0,not_applicable_coverage_preserving_omission,0.8795479181301127,385.3116424122316,1213,0.41494971074591425,0,0.4979055793688063,exact,coverage_preserving_omission
inflection+bound+asymptote:ode:0,inflection+bound+asymptote,ode,operation,omit:inflection_concave_to_convex,omission,inflection_concave_to_convex,,asymptote_to_0_from_above|lower_bound_0,1,0.0,not_applicable_coverage_preserving_omission,0.9339177443233391,385.3116424122316,1310,0.3929848534417746,0,0.4435357531755799,exact,coverage_preserving_omission
inflection+bound+asymptote:ode:0,inflection+bound+asymptote,ode,operation,omit:lower_bound_0,omission,lower_bound_0,,asymptote_to_0_from_above|inflection_concave_to_convex,1,0.0,not_applicable_coverage_preserving_omission,1.377453497498919,385.3116424122316,565,0.2521595217093219,0,0.0,exact,coverage_preserving_omission
inflection+bound+asymptote:ode:0,inflection+bound+asymptote,ode,operation,add:regime_postchange,false_addition,,regime_postchange,asymptote_to_0_from_above|inflection_concave_to_convex|lower_bound_0|regime_postchange,0,1.0,latent_mechanism_mismatch_indicator,1.9320013554471254,385.3116424122316,287,0.14477129125127328,0,0.5545478579482064,exact,inherited_sharp_wrong
inflection+bound+asymptote:ode:0,inflection+bound+asymptote,ode,operation,reverse:asymptote_to_0_from_above->asymptote_to_0_from_below,reversal,asymptote_to_0_from_above,asymptote_to_0_from_below,asymptote_to_0_from_below|inflection_concave_to_convex|lower_bound_0,0,1.0,latent_mechanism_mismatch_indicator,9.011157458106817,385.3116424122316,0,0.0,0,7.633703960607898,exact,inherited_sharp_wrong
inflection+bound+asymptote:ode:0,inflection+bound+asymptote,ode,operation,reverse:inflection_concave_to_convex->inflection_convex_to_concave,reversal,inflection_concave_to_convex,inflection_convex_to_concave,asymptote_to_0_from_above|inflection_convex_to_concave|lower_bound_0,0,1.0,event_pattern_mismatch_indicator,3.4020157210955713,385.3116424122316,445,0.03319212756189348,0,2.0245622235966523,exact,inherited_sharp_wrong
turning+bound+asymptote:spline:0,turning+bound+asymptote,spline,baseline,P_full,baseline,,,asymptote_to_0_from_above|lower_bound_0|turning_maximum,1,0.0,not_applicable_valid_baseline,2.90175256982834,139.10381333734668,555,0.0548182120421475,0,0.0,baseline,valid_baseline
turning+bound+asymptote:spline:0,turning+bound+asymptote,spline,operation,omit:asymptote_to_0_from_above,omission,asymptote_to_0_from_above,,lower_bound_0|turning_maximum,1,0.0,not_applicable_coverage_preserving_omission,2.682170105946761,139.10381333734668,931,0.06830915862595931,0,0.21958246388157932,exact,coverage_preserving_omission
turning+bound+asymptote:spline:0,turning+bound+asymptote,spline,operation,omit:lower_bound_0,omission,lower_bound_0,,asymptote_to_0_from_above|turning_maximum,1,0.0,not_applicable_coverage_preserving_omission,2.90175256982834,139.10381333734668,555,0.0548182120421475,0,0.0,exact,coverage_preserving_omission
turning+bound+asymptote:spline:0,turning+bound+asymptote,spline,operation,omit:turning_maximum,omission,turning_maximum,,asymptote_to_0_from_above|lower_bound_0,1,0.0,not_applicable_coverage_preserving_omission,1.528523292518248,139.10381333734668,1546,0.2167865363328201,0,1.3732292773100923,exact,coverage_preserving_omission
turning+bound+asymptote:spline:0,turning+bound+asymptote,spline,operation,add:regime_postchange,false_addition,,regime_postchange,asymptote_to_0_from_above|lower_bound_0|regime_postchange|turning_maximum,0,1.0,latent_mechanism_mismatch_indicator,3.4680617961496916,139.10381333734668,273,0.03106294165262194,0,0.5663092263213514,exact,inherited_sharp_wrong
turning+bound+asymptote:spline:0,turning+bound+asymptote,spline,operation,reverse:asymptote_to_0_from_above->asymptote_to_0_from_below,reversal,asymptote_to_0_from_above,asymptote_to_0_from_below,asymptote_to_0_from_below|lower_bound_0|turning_maximum,0,1.0,latent_mechanism_mismatch_indicator,9.011157458106817,139.10381333734668,0,0.0,0,6.109404888278477,exact,inherited_sharp_wrong
turning+bound+asymptote:spline:0,turning+bound+asymptote,spline,operation,reverse:turning_maximum->turning_minimum,reversal,turning_maximum,turning_minimum,asymptote_to_0_from_above|lower_bound_0|turning_minimum,0,1.0,event_pattern_mismatch_indicator,8.85290377195653,139.10381333734668,95,2.0930583623084808e-05,0,5.95115120212819,exact,inherited_sharp_wrong
turning+bound+asymptote:basis:0,turning+bound+asymptote,basis,baseline,P_full,baseline,,,asymptote_to_0_from_above|lower_bound_0|turning_maximum,1,0.0,not_applicable_valid_baseline,2.3079130909832672,194.38790521613788,530,0.0993708310795834,0,0.0,baseline,valid_baseline
turning+bound+asymptote:basis:0,turning+bound+asymptote,basis,operation,omit:asymptote_to_0_from_above,omission,asymptote_to_0_from_above,,lower_bound_0|turning_maximum,1,0.0,not_applicable_coverage_preserving_omission,1.935444894898686,194.38790521613788,1003,0.1442732033293562,0,0.37246819608458126,exact,coverage_preserving_omission
turning+bound+asymptote:basis:0,turning+bound+asymptote,basis,operation,omit:lower_bound_0,omission,lower_bound_0,,asymptote_to_0_from_above|turning_maximum,1,0.0,not_applicable_coverage_preserving_omission,2.3079130909832672,194.38790521613788,530,0.0993708310795834,0,0.0,exact,coverage_preserving_omission
turning+bound+asymptote:basis:0,turning+bound+asymptote,basis,operation,omit:turning_maximum,omission,turning_maximum,,asymptote_to_0_from_above|lower_bound_0,1,0.0,not_applicable_coverage_preserving_omission,1.4342747417347674,194.38790521613788,1431,0.2382242272884311,0,0.8736383492484998,exact,coverage_preserving_omission
turning+bound+asymptote:basis:0,turning+bound+asymptote,basis,operation,add:regime_postchange,false_addition,,regime_postchange,asymptote_to_0_from_above|lower_bound_0|regime_postchange|turning_maximum,0,1.0,latent_mechanism_mismatch_indicator,2.9669134891127995,194.38790521613788,278,0.05135239680988877,0,0.6590003981295323,exact,inherited_sharp_wrong
turning+bound+asymptote:basis:0,turning+bound+asymptote,basis,operation,reverse:asymptote_to_0_from_above->asymptote_to_0_from_below,reversal,asymptote_to_0_from_above,asymptote_to_0_from_below,asymptote_to_0_from_below|lower_bound_0|turning_maximum,0,1.0,latent_mechanism_mismatch_indicator,9.011157458106817,194.38790521613788,0,0.0,0,6.70324436712355,exact,inherited_sharp_wrong
turning+bound+asymptote:basis:0,turning+bound+asymptote,basis,operation,reverse:turning_maximum->turning_minimum,reversal,turning_maximum,turning_minimum,asymptote_to_0_from_above|lower_bound_0|turning_minimum,0,1.0,event_pattern_mismatch_indicator,9.011157429740248,194.38790521613788,130,3.462715938842727e-12,0,6.7032443387569804,exact,inherited_sharp_wrong
turning+bound+asymptote:ode:0,turning+bound+asymptote,ode,baseline,P_full,baseline,,,asymptote_to_0_from_above|lower_bound_0|turning_maximum,1,0.0,not_applicable_valid_baseline,2.2634304689268507,219.6236912424111,535,0.10389644559667814,0,0.0,baseline,valid_baseline
turning+bound+asymptote:ode:0,turning+bound+asymptote,ode,operation,omit:asymptote_to_0_from_above,omission,asymptote_to_0_from_above,,lower_bound_0|turning_maximum,1,0.0,not_applicable_coverage_preserving_omission,1.769312656129279,219.6236912424111,1000,0.1703696498896845,0,0.49411781279757183,exact,coverage_preserving_omission
turning+bound+asymptote:ode:0,turning+bound+asymptote,ode,operation,omit:lower_bound_0,omission,lower_bound_0,,asymptote_to_0_from_above|turning_maximum,1,0.0,not_applicable_coverage_preserving_omission,2.2634304689268507,219.6236912424111,535,0.10389644559667814,0,0.0,exact,coverage_preserving_omission
turning+bound+asymptote:ode:0,turning+bound+asymptote,ode,operation,omit:turning_maximum,omission,turning_maximum,,asymptote_to_0_from_above|lower_bound_0,1,0.0,not_applicable_coverage_preserving_omission,1.5006512411878354,219.6236912424111,1401,0.222917265263408,0,0.7627792277390153,exact,coverage_preserving_omission
turning+bound+asymptote:ode:0,turning+bound+asymptote,ode,operation,add:regime_postchange,false_addition,,regime_postchange,asymptote_to_0_from_above|lower_bound_0|regime_postchange|turning_maximum,0,1.0,latent_mechanism_mismatch_indicator,2.9495029488981146,219.6236912424111,242,0.05225644221258021,0,0.6860724799712639,exact,inherited_sharp_wrong
turning+bound+asymptote:ode:0,turning+bound+asymptote,ode,operation,reverse:asymptote_to_0_from_above->asymptote_to_0_from_below,reversal,asymptote_to_0_from_above,asymptote_to_0_from_below,asymptote_to_0_from_below|lower_bound_0|turning_maximum,0,1.0,latent_mechanism_mismatch_indicator,9.011157458106817,219.6236912424111,0,0.0,0,6.7477269891799665,exact,inherited_sharp_wrong
turning+bound+asymptote:ode:0,turning+bound+asymptote,ode,operation,reverse:turning_maximum->turning_minimum,reversal,turning_maximum,turning_minimum,asymptote_to_0_from_above|lower_bound_0|turning_minimum,0,1.0,event_pattern_mismatch_indicator,7.131950967849732,219.6236912424111,139,0.0006772835272118615,0,4.868520498922881,exact,inherited_sharp_wrong
regime+bound+asymptote:spline:0,regime+bound+asymptote,spline,baseline,P_full,baseline,,,asymptote_to_0_from_above|lower_bound_0|regime_postchange,1,0.0,not_applicable_valid_baseline,2.269685712715458,1998.5674455887065,341,0.1032478152067162,0,0.0,baseline,valid_baseline
regime+bound+asymptote:spline:0,regime+bound+asymptote,spline,operation,omit:asymptote_to_0_from_above,omission,asymptote_to_0_from_above,,lower_bound_0|regime_postchange,1,0.0,not_applicable_coverage_preserving_omission,1.6970684131709093,1998.5674455887065,803,0.18314252354213242,0,0.5726172995445489,exact,coverage_preserving_omission
regime+bound+asymptote:spline:0,regime+bound+asymptote,spline,operation,omit:lower_bound_0,omission,lower_bound_0,,asymptote_to_0_from_above|regime_postchange,1,0.0,not_applicable_coverage_preserving_omission,2.269685712715458,1998.5674455887065,341,0.1032478152067162,0,0.0,exact,coverage_preserving_omission
regime+bound+asymptote:spline:0,regime+bound+asymptote,spline,operation,omit:regime_postchange,omission,regime_postchange,,asymptote_to_0_from_above|lower_bound_0,1,0.0,not_applicable_coverage_preserving_omission,1.5732341348633025,1998.5674455887065,676,0.20730198100986244,0,0.6964515778521556,exact,coverage_preserving_omission
regime+bound+asymptote:spline:0,regime+bound+asymptote,spline,operation,add:turning_maximum,false_addition,,turning_maximum,asymptote_to_0_from_above|lower_bound_0|regime_postchange|turning_maximum,0,1.0,event_pattern_mismatch_indicator,6.558679603004258,1998.5674455887065,35,0.001296032295842436,0,4.2889938902888,exact,inherited_sharp_wrong
regime+bound+asymptote:spline:0,regime+bound+asymptote,spline,operation,reverse:asymptote_to_0_from_above->asymptote_to_0_from_below,reversal,asymptote_to_0_from_above,asymptote_to_0_from_below,asymptote_to_0_from_below|lower_bound_0|regime_postchange,0,1.0,latent_mechanism_mismatch_indicator,9.011157458106817,1998.5674455887065,0,0.0,0,6.741471745391359,exact,inherited_sharp_wrong
regime+bound+asymptote:basis:0,regime+bound+asymptote,basis,baseline,P_full,baseline,,,asymptote_to_0_from_above|lower_bound_0|regime_postchange,1,0.0,not_applicable_valid_baseline,9.011157458106817,714.147497617213,0,0.0,0,0.0,baseline,valid_baseline
regime+bound+asymptote:basis:0,regime+bound+asymptote,basis,operation,omit:asymptote_to_0_from_above,omission,asymptote_to_0_from_above,,lower_bound_0|regime_postchange,1,0.0,not_applicable_coverage_preserving_omission,9.011157458106817,714.147497617213,0,0.0,0,0.0,exact,coverage_preserving_omission
regime+bound+asymptote:basis:0,regime+bound+asymptote,basis,operation,omit:lower_bound_0,omission,lower_bound_0,,asymptote_to_0_from_above|regime_postchange,1,0.0,not_applicable_coverage_preserving_omission,9.011157458106817,714.147497617213,0,0.0,0,0.0,exact,coverage_preserving_omission
regime+bound+asymptote:basis:0,regime+bound+asymptote,basis,operation,omit:regime_postchange,omission,regime_postchange,,asymptote_to_0_from_above|lower_bound_0,1,0.0,not_applicable_coverage_preserving_omission,9.011157458106817,714.147497617213,0,0.0,0,0.0,exact,coverage_preserving_omission
regime+bound+asymptote:basis:0,regime+bound+asymptote,basis,operation,add:turning_maximum,false_addition,,turning_maximum,asymptote_to_0_from_above|lower_bound_0|regime_postchange|turning_maximum,0,1.0,event_pattern_mismatch_indicator,9.011157458106817,714.147497617213,0,0.0,0,0.0,exact,inherited_sharp_wrong
regime+bound+asymptote:basis:0,regime+bound+asymptote,basis,operation,reverse:asymptote_to_0_from_above->asymptote_to_0_from_below,reversal,asymptote_to_0_from_above,asymptote_to_0_from_below,asymptote_to_0_from_below|lower_bound_0|regime_postchange,0,1.0,latent_mechanism_mismatch_indicator,9.011157458106817,714.147497617213,0,0.0,0,0.0,exact,inherited_sharp_wrong
regime+bound+asymptote:ode:0,regime+bound+asymptote,ode,baseline,P_full,baseline,,,asymptote_to_0_from_above|lower_bound_0|regime_postchange,1,0.0,not_applicable_valid_baseline,2.7701604059562754,1903.4117672120985,229,0.06254517976421944,0,0.0,baseline,valid_baseline
regime+bound+asymptote:ode:0,regime+bound+asymptote,ode,operation,omit:asymptote_to_0_from_above,omission,asymptote_to_0_from_above,,lower_bound_0|regime_postchange,1,0.0,not_applicable_coverage_preserving_omission,2.27497051166175,1903.4117672120985,534,0.10270296711903826,0,0.4951898942945254,exact,coverage_preserving_omission
regime+bound+asymptote:ode:0,regime+bound+asymptote,ode,operation,omit:lower_bound_0,omission,lower_bound_0,,asymptote_to_0_from_above|regime_postchange,1,0.0,not_applicable_coverage_preserving_omission,2.7701604059562754,1903.4117672120985,229,0.06254517976421944,0,0.0,exact,coverage_preserving_omission
regime+bound+asymptote:ode:0,regime+bound+asymptote,ode,operation,omit:regime_postchange,omission,regime_postchange,,asymptote_to_0_from_above|lower_bound_0,1,0.0,not_applicable_coverage_preserving_omission,2.1459936526812564,1903.4117672120985,446,0.11685825221508517,0,0.624166753275019,exact,coverage_preserving_omission
regime+bound+asymptote:ode:0,regime+bound+asymptote,ode,operation,add:turning_maximum,false_addition,,turning_maximum,asymptote_to_0_from_above|lower_bound_0|regime_postchange|turning_maximum,0,1.0,event_pattern_mismatch_indicator,8.990945859788186,1903.4117672120985,13,2.4923383490908726e-06,0,6.22078545383191,exact,inherited_sharp_wrong
regime+bound+asymptote:ode:0,regime+bound+asymptote,ode,operation,reverse:asymptote_to_0_from_above->asymptote_to_0_from_below,reversal,asymptote_to_0_from_above,asymptote_to_0_from_below,asymptote_to_0_from_below|lower_bound_0|regime_postchange,0,1.0,latent_mechanism_mismatch_indicator,9.011157458106817,1903.4117672120985,0,0.0,0,6.240997052150542,exact,inherited_sharp_wrong
