factorial,primitive,generator,action,support_fraction,noise_ratio,exposure,effect_strength,ood_distance,n,robust_unsafe_rate,robust_catastrophic_rate,mean_raw_utility,beneficial_both_engines_rate
distance_specificity,asymptote,basis,biased-specific,0.525,0.01,0.55,0.55,0.1,20,0.55,0.35,0.009989999452006605,0.45
distance_specificity,asymptote,basis,biased-specific,0.525,0.01,0.55,0.55,0.4,20,0.25,0.15,0.05622010628797332,0.7
distance_specificity,asymptote,basis,biased-specific,0.525,0.01,0.55,0.55,0.8,20,0.05,0.0,0.14220675531819832,0.95
distance_specificity,asymptote,basis,true-full,0.525,0.01,0.55,0.55,0.1,20,0.15,0.1,0.007757588232013485,0.85
distance_specificity,asymptote,basis,true-full,0.525,0.01,0.55,0.55,0.4,20,0.1,0.0,0.04813092318205915,0.85
distance_specificity,asymptote,basis,true-full,0.525,0.01,0.55,0.55,0.8,20,0.05,0.0,0.13315089695080323,0.95
distance_specificity,asymptote,basis,true-subset,0.525,0.01,0.55,0.55,0.1,20,0.55,0.3,0.00430274798332764,0.45
distance_specificity,asymptote,basis,true-subset,0.525,0.01,0.55,0.55,0.4,20,0.25,0.1,0.03771432259168777,0.75
distance_specificity,asymptote,basis,true-subset,0.525,0.01,0.55,0.55,0.8,20,0.05,0.05,0.11735279743228663,0.95
distance_specificity,asymptote,ode,biased-specific,0.525,0.01,0.55,0.55,0.1,20,0.95,0.5,0.007877313661091888,0.05
distance_specificity,asymptote,ode,biased-specific,0.525,0.01,0.55,0.55,0.4,20,0.55,0.25,0.054147611606044165,0.45
distance_specificity,asymptote,ode,biased-specific,0.525,0.01,0.55,0.55,0.8,20,0.05,0.0,0.1316558863711801,0.95
distance_specificity,asymptote,ode,true-full,0.525,0.01,0.55,0.55,0.1,20,0.15,0.05,0.008249231959524959,0.85
distance_specificity,asymptote,ode,true-full,0.525,0.01,0.55,0.55,0.4,20,0.1,0.05,0.0547818486681572,0.9
distance_specificity,asymptote,ode,true-full,0.525,0.01,0.55,0.55,0.8,20,0.0,0.0,0.13051361931624036,1.0
distance_specificity,asymptote,ode,true-subset,0.525,0.01,0.55,0.55,0.1,20,0.25,0.15,0.005041204442022758,0.7
distance_specificity,asymptote,ode,true-subset,0.525,0.01,0.55,0.55,0.4,20,0.15,0.05,0.04301065332186764,0.85
distance_specificity,asymptote,ode,true-subset,0.525,0.01,0.55,0.55,0.8,20,0.0,0.0,0.11508385684589403,1.0
distance_specificity,asymptote,spline,biased-specific,0.525,0.01,0.55,0.55,0.1,20,0.55,0.25,0.011223537243774765,0.45
distance_specificity,asymptote,spline,biased-specific,0.525,0.01,0.55,0.55,0.4,20,0.2,0.1,0.05297409090038123,0.8
distance_specificity,asymptote,spline,biased-specific,0.525,0.01,0.55,0.55,0.8,20,0.1,0.05,0.1231990927737161,0.9
distance_specificity,asymptote,spline,true-full,0.525,0.01,0.55,0.55,0.1,20,0.0,0.0,0.008594537466293815,1.0
distance_specificity,asymptote,spline,true-full,0.525,0.01,0.55,0.55,0.4,20,0.0,0.0,0.049914606412353686,1.0
distance_specificity,asymptote,spline,true-full,0.525,0.01,0.55,0.55,0.8,20,0.0,0.0,0.11648674117687437,1.0
distance_specificity,asymptote,spline,true-subset,0.525,0.01,0.55,0.55,0.1,20,0.55,0.1,0.004387602138339757,0.45
distance_specificity,asymptote,spline,true-subset,0.525,0.01,0.55,0.55,0.4,20,0.05,0.0,0.037460863278287196,0.95
distance_specificity,asymptote,spline,true-subset,0.525,0.01,0.55,0.55,0.8,20,0.05,0.05,0.09836962445235484,0.95
distance_specificity,bound,basis,biased-specific,0.525,0.01,0.55,0.55,0.1,20,0.6,0.4,-0.01944785224349715,0.35
distance_specificity,bound,basis,biased-specific,0.525,0.01,0.55,0.55,0.4,20,0.4,0.2,0.02329943491209265,0.6
distance_specificity,bound,basis,biased-specific,0.525,0.01,0.55,0.55,0.8,20,0.7,0.0,0.23434115640076025,0.1
distance_specificity,bound,basis,true-full,0.525,0.01,0.55,0.55,0.1,20,0.35,0.0,0.006764373451122088,0.55
distance_specificity,bound,basis,true-full,0.525,0.01,0.55,0.55,0.4,20,0.6,0.0,0.015298376918380773,0.2
distance_specificity,bound,basis,true-full,0.525,0.01,0.55,0.55,0.8,20,0.85,0.0,0.2161552843865958,0.0
distance_specificity,bound,basis,true-subset,0.525,0.01,0.55,0.55,0.1,20,0.35,0.0,0.006764373451122088,0.55
distance_specificity,bound,basis,true-subset,0.525,0.01,0.55,0.55,0.4,20,0.6,0.0,0.015298376918380773,0.2
distance_specificity,bound,basis,true-subset,0.525,0.01,0.55,0.55,0.8,20,0.85,0.0,0.2161552843865958,0.0
distance_specificity,bound,ode,biased-specific,0.525,0.01,0.55,0.55,0.1,20,0.5,0.45,-0.023382538726022598,0.4
distance_specificity,bound,ode,biased-specific,0.525,0.01,0.55,0.55,0.4,20,0.45,0.15,0.0325389864519713,0.5
distance_specificity,bound,ode,biased-specific,0.525,0.01,0.55,0.55,0.8,20,0.4,0.0,0.1204744307363721,0.35
distance_specificity,bound,ode,true-full,0.525,0.01,0.55,0.55,0.1,20,0.35,0.1,0.008417489230964104,0.5
distance_specificity,bound,ode,true-full,0.525,0.01,0.55,0.55,0.4,20,0.45,0.0,0.02372496406037272,0.4
distance_specificity,bound,ode,true-full,0.525,0.01,0.55,0.55,0.8,20,0.7,0.0,0.07917493615439537,0.0
distance_specificity,bound,ode,true-subset,0.525,0.01,0.55,0.55,0.1,20,0.35,0.1,0.008417489230964104,0.5
distance_specificity,bound,ode,true-subset,0.525,0.01,0.55,0.55,0.4,20,0.45,0.0,0.02372496406037272,0.4
distance_specificity,bound,ode,true-subset,0.525,0.01,0.55,0.55,0.8,20,0.7,0.0,0.07917493615439537,0.0
distance_specificity,bound,spline,biased-specific,0.525,0.01,0.55,0.55,0.1,20,0.55,0.35,-0.014048169649550298,0.45
distance_specificity,bound,spline,biased-specific,0.525,0.01,0.55,0.55,0.4,20,0.55,0.05,0.030856314655401857,0.45
distance_specificity,bound,spline,biased-specific,0.525,0.01,0.55,0.55,0.8,20,0.75,0.0,0.28920926934202923,0.1
distance_specificity,bound,spline,true-full,0.525,0.01,0.55,0.55,0.1,20,0.35,0.05,0.007212470324335582,0.6
distance_specificity,bound,spline,true-full,0.525,0.01,0.55,0.55,0.4,20,0.45,0.0,0.02042329020587704,0.5
distance_specificity,bound,spline,true-full,0.525,0.01,0.55,0.55,0.8,20,0.95,0.0,0.20920218601027124,0.0
distance_specificity,bound,spline,true-subset,0.525,0.01,0.55,0.55,0.1,20,0.35,0.05,0.007212470324335582,0.6
distance_specificity,bound,spline,true-subset,0.525,0.01,0.55,0.55,0.4,20,0.45,0.0,0.02042329020587704,0.5
distance_specificity,bound,spline,true-subset,0.525,0.01,0.55,0.55,0.8,20,0.95,0.0,0.20920218601027124,0.0
distance_specificity,curvature,basis,biased-specific,0.525,0.01,0.55,0.55,0.1,20,0.75,0.0,0.006377163361307272,0.1
distance_specificity,curvature,basis,biased-specific,0.525,0.01,0.55,0.55,0.4,20,0.75,0.05,0.013928880845617542,0.1
distance_specificity,curvature,basis,biased-specific,0.525,0.01,0.55,0.55,0.8,20,0.75,0.0,0.01396434194729724,0.2
distance_specificity,curvature,basis,true-full,0.525,0.01,0.55,0.55,0.1,20,0.75,0.0,0.006377163361307272,0.1
distance_specificity,curvature,basis,true-full,0.525,0.01,0.55,0.55,0.4,20,0.75,0.05,0.013928880845617542,0.1
distance_specificity,curvature,basis,true-full,0.525,0.01,0.55,0.55,0.8,20,0.75,0.0,0.01396434194729724,0.2
distance_specificity,curvature,basis,true-subset,0.525,0.01,0.55,0.55,0.1,20,0.75,0.0,0.006377163361307272,0.1
distance_specificity,curvature,basis,true-subset,0.525,0.01,0.55,0.55,0.4,20,0.75,0.05,0.013928880845617542,0.1
distance_specificity,curvature,basis,true-subset,0.525,0.01,0.55,0.55,0.8,20,0.75,0.0,0.01396434194729724,0.2
distance_specificity,curvature,ode,biased-specific,0.525,0.01,0.55,0.55,0.1,20,0.65,0.0,0.006698611728163703,0.3
distance_specificity,curvature,ode,biased-specific,0.525,0.01,0.55,0.55,0.4,20,0.65,0.0,0.018215770685900894,0.3
distance_specificity,curvature,ode,biased-specific,0.525,0.01,0.55,0.55,0.8,20,0.8,0.0,0.020023658038752744,0.2
distance_specificity,curvature,ode,true-full,0.525,0.01,0.55,0.55,0.1,20,0.65,0.0,0.006698611728163703,0.3
distance_specificity,curvature,ode,true-full,0.525,0.01,0.55,0.55,0.4,20,0.65,0.0,0.018215770685900894,0.3
distance_specificity,curvature,ode,true-full,0.525,0.01,0.55,0.55,0.8,20,0.8,0.0,0.020023658038752744,0.2
distance_specificity,curvature,ode,true-subset,0.525,0.01,0.55,0.55,0.1,20,0.65,0.0,0.006698611728163703,0.3
distance_specificity,curvature,ode,true-subset,0.525,0.01,0.55,0.55,0.4,20,0.65,0.0,0.018215770685900894,0.3
distance_specificity,curvature,ode,true-subset,0.525,0.01,0.55,0.55,0.8,20,0.8,0.0,0.020023658038752744,0.2
distance_specificity,curvature,spline,biased-specific,0.525,0.01,0.55,0.55,0.1,20,0.75,0.0,0.006526429533290884,0.15
distance_specificity,curvature,spline,biased-specific,0.525,0.01,0.55,0.55,0.4,20,0.75,0.0,0.016350325342410918,0.2
distance_specificity,curvature,spline,biased-specific,0.525,0.01,0.55,0.55,0.8,20,0.75,0.0,0.013451542250542625,0.15
distance_specificity,curvature,spline,true-full,0.525,0.01,0.55,0.55,0.1,20,0.75,0.0,0.006526429533290884,0.15
distance_specificity,curvature,spline,true-full,0.525,0.01,0.55,0.55,0.4,20,0.75,0.0,0.016350325342410918,0.2
distance_specificity,curvature,spline,true-full,0.525,0.01,0.55,0.55,0.8,20,0.75,0.0,0.013451542250542625,0.15
distance_specificity,curvature,spline,true-subset,0.525,0.01,0.55,0.55,0.1,20,0.75,0.0,0.006526429533290884,0.15
distance_specificity,curvature,spline,true-subset,0.525,0.01,0.55,0.55,0.4,20,0.75,0.0,0.016350325342410918,0.2
distance_specificity,curvature,spline,true-subset,0.525,0.01,0.55,0.55,0.8,20,0.75,0.0,0.013451542250542625,0.15
distance_specificity,direction,basis,biased-specific,0.525,0.01,0.55,0.55,0.1,20,0.65,0.0,0.005847450903706165,0.05
distance_specificity,direction,basis,biased-specific,0.525,0.01,0.55,0.55,0.4,20,0.7,0.05,0.016280345740086542,0.1
distance_specificity,direction,basis,biased-specific,0.525,0.01,0.55,0.55,0.8,20,0.8,0.05,0.020480627959810108,0.15
distance_specificity,direction,basis,true-full,0.525,0.01,0.55,0.55,0.1,20,0.65,0.0,0.005847450903706165,0.05
distance_specificity,direction,basis,true-full,0.525,0.01,0.55,0.55,0.4,20,0.7,0.05,0.016280345740086542,0.1
distance_specificity,direction,basis,true-full,0.525,0.01,0.55,0.55,0.8,20,0.8,0.05,0.020480627959810108,0.15
distance_specificity,direction,basis,true-subset,0.525,0.01,0.55,0.55,0.1,20,0.65,0.0,0.005847450903706165,0.05
distance_specificity,direction,basis,true-subset,0.525,0.01,0.55,0.55,0.4,20,0.7,0.05,0.016280345740086542,0.1
distance_specificity,direction,basis,true-subset,0.525,0.01,0.55,0.55,0.8,20,0.8,0.05,0.020480627959810108,0.15
distance_specificity,direction,ode,biased-specific,0.525,0.01,0.55,0.55,0.1,20,0.65,0.0,0.0055225706642108,0.1
distance_specificity,direction,ode,biased-specific,0.525,0.01,0.55,0.55,0.4,20,0.7,0.0,0.01464552007279334,0.25
distance_specificity,direction,ode,biased-specific,0.525,0.01,0.55,0.55,0.8,20,0.85,0.1,0.015865811437332924,0.1
distance_specificity,direction,ode,true-full,0.525,0.01,0.55,0.55,0.1,20,0.65,0.0,0.0055225706642108,0.1
distance_specificity,direction,ode,true-full,0.525,0.01,0.55,0.55,0.4,20,0.7,0.0,0.01464552007279334,0.25
distance_specificity,direction,ode,true-full,0.525,0.01,0.55,0.55,0.8,20,0.85,0.1,0.015865811437332924,0.1
distance_specificity,direction,ode,true-subset,0.525,0.01,0.55,0.55,0.1,20,0.65,0.0,0.0055225706642108,0.1
distance_specificity,direction,ode,true-subset,0.525,0.01,0.55,0.55,0.4,20,0.7,0.0,0.01464552007279334,0.25
distance_specificity,direction,ode,true-subset,0.525,0.01,0.55,0.55,0.8,20,0.85,0.1,0.015865811437332924,0.1
distance_specificity,direction,spline,biased-specific,0.525,0.01,0.55,0.55,0.1,20,0.6,0.0,0.005702400295045056,0.3
distance_specificity,direction,spline,biased-specific,0.525,0.01,0.55,0.55,0.4,20,0.85,0.0,0.015290423548997036,0.05
distance_specificity,direction,spline,biased-specific,0.525,0.01,0.55,0.55,0.8,20,0.7,0.0,0.01795925051528158,0.15
distance_specificity,direction,spline,true-full,0.525,0.01,0.55,0.55,0.1,20,0.6,0.0,0.005702400295045056,0.3
distance_specificity,direction,spline,true-full,0.525,0.01,0.55,0.55,0.4,20,0.85,0.0,0.015290423548997036,0.05
distance_specificity,direction,spline,true-full,0.525,0.01,0.55,0.55,0.8,20,0.7,0.0,0.01795925051528158,0.15
distance_specificity,direction,spline,true-subset,0.525,0.01,0.55,0.55,0.1,20,0.6,0.0,0.005702400295045056,0.3
distance_specificity,direction,spline,true-subset,0.525,0.01,0.55,0.55,0.4,20,0.85,0.0,0.015290423548997036,0.05
distance_specificity,direction,spline,true-subset,0.525,0.01,0.55,0.55,0.8,20,0.7,0.0,0.01795925051528158,0.15
distance_specificity,inflection,basis,biased-specific,0.525,0.01,0.55,0.55,0.1,20,1.0,0.9,-0.006922000758056145,0.0
distance_specificity,inflection,basis,biased-specific,0.525,0.01,0.55,0.55,0.4,20,0.9,0.65,-4.1474975243304986e-05,0.1
distance_specificity,inflection,basis,biased-specific,0.525,0.01,0.55,0.55,0.8,20,0.8,0.6,0.012647077914546482,0.15
distance_specificity,inflection,basis,true-full,0.525,0.01,0.55,0.55,0.1,20,0.8,0.75,-0.008058714265785237,0.2
distance_specificity,inflection,basis,true-full,0.525,0.01,0.55,0.55,0.4,20,1.0,0.8,-0.023451295761254924,0.0
distance_specificity,inflection,basis,true-full,0.525,0.01,0.55,0.55,0.8,20,1.0,0.9,-0.06650450385299778,0.0
distance_specificity,inflection,basis,true-subset,0.525,0.01,0.55,0.55,0.1,20,1.0,1.0,-0.0021678591213707024,0.0
distance_specificity,inflection,basis,true-subset,0.525,0.01,0.55,0.55,0.4,20,0.85,0.75,-0.003244498159111107,0.15
distance_specificity,inflection,basis,true-subset,0.525,0.01,0.55,0.55,0.8,20,0.9,0.75,-0.009507183614954787,0.1
distance_specificity,inflection,ode,biased-specific,0.525,0.01,0.55,0.55,0.1,20,0.9,0.75,-0.005953465212288902,0.1
distance_specificity,inflection,ode,biased-specific,0.525,0.01,0.55,0.55,0.4,20,0.9,0.6,-0.00026325316634443326,0.05
distance_specificity,inflection,ode,biased-specific,0.525,0.01,0.55,0.55,0.8,20,0.9,0.65,0.008533422888347925,0.1
distance_specificity,inflection,ode,true-full,0.525,0.01,0.55,0.55,0.1,20,0.9,0.85,-0.007750678843056992,0.1
distance_specificity,inflection,ode,true-full,0.525,0.01,0.55,0.55,0.4,20,0.9,0.75,-0.016809064227876307,0.1
distance_specificity,inflection,ode,true-full,0.525,0.01,0.55,0.55,0.8,20,1.0,0.95,-0.0775980030372883,0.0
distance_specificity,inflection,ode,true-subset,0.525,0.01,0.55,0.55,0.1,20,1.0,0.95,-0.0020744237053983523,0.0
distance_specificity,inflection,ode,true-subset,0.525,0.01,0.55,0.55,0.4,20,0.85,0.65,-0.0027252431150595587,0.1
distance_specificity,inflection,ode,true-subset,0.525,0.01,0.55,0.55,0.8,20,0.9,0.6,-0.006787128267951069,0.1
distance_specificity,inflection,spline,biased-specific,0.525,0.01,0.55,0.55,0.1,20,0.85,0.8,-0.003447797985977765,0.15
distance_specificity,inflection,spline,biased-specific,0.525,0.01,0.55,0.55,0.4,20,0.95,0.65,-0.0009110103452855227,0.05
distance_specificity,inflection,spline,biased-specific,0.525,0.01,0.55,0.55,0.8,20,0.75,0.75,0.017436073700764453,0.25
distance_specificity,inflection,spline,true-full,0.525,0.01,0.55,0.55,0.1,20,0.85,0.75,-0.009167273244217873,0.15
distance_specificity,inflection,spline,true-full,0.525,0.01,0.55,0.55,0.4,20,1.0,1.0,-0.020216037562313032,0.0
distance_specificity,inflection,spline,true-full,0.525,0.01,0.55,0.55,0.8,20,0.9,0.8,-0.06059017421774576,0.05
distance_specificity,inflection,spline,true-subset,0.525,0.01,0.55,0.55,0.1,20,1.0,0.9,-0.002221544088292635,0.0
distance_specificity,inflection,spline,true-subset,0.525,0.01,0.55,0.55,0.4,20,0.85,0.7,-0.0032908169544958723,0.15
distance_specificity,inflection,spline,true-subset,0.525,0.01,0.55,0.55,0.8,20,0.8,0.7,-0.010708035425383598,0.15
distance_specificity,regime,basis,biased-specific,0.525,0.01,0.55,0.55,0.1,20,0.7,0.2,-0.00673269091909539,0.1
distance_specificity,regime,basis,biased-specific,0.525,0.01,0.55,0.55,0.4,20,0.95,0.5,-0.1003456275106515,0.05
distance_specificity,regime,basis,biased-specific,0.525,0.01,0.55,0.55,0.8,20,0.85,0.65,-0.1605367947220359,0.1
distance_specificity,regime,basis,true-full,0.525,0.01,0.55,0.55,0.1,20,1.0,1.0,-0.16427814333897922,0.0
distance_specificity,regime,basis,true-full,0.525,0.01,0.55,0.55,0.4,20,1.0,1.0,-0.35209468674368366,0.0
distance_specificity,regime,basis,true-full,0.525,0.01,0.55,0.55,0.8,20,1.0,0.9,-0.2640116295162684,0.0
distance_specificity,regime,basis,true-subset,0.525,0.01,0.55,0.55,0.1,20,0.9,0.45,-0.006499048666733465,0.1
distance_specificity,regime,basis,true-subset,0.525,0.01,0.55,0.55,0.4,20,0.95,0.55,-0.02816756907074957,0.05
distance_specificity,regime,basis,true-subset,0.525,0.01,0.55,0.55,0.8,20,0.8,0.1,0.010716336079585637,0.2
distance_specificity,regime,ode,biased-specific,0.525,0.01,0.55,0.55,0.1,20,0.35,0.05,0.002633415283573072,0.45
distance_specificity,regime,ode,biased-specific,0.525,0.01,0.55,0.55,0.4,20,1.0,0.45,-0.09532560715027327,0.0
distance_specificity,regime,ode,biased-specific,0.525,0.01,0.55,0.55,0.8,20,0.95,0.75,-0.2750418103539666,0.05
distance_specificity,regime,ode,true-full,0.525,0.01,0.55,0.55,0.1,20,1.0,1.0,-0.16840143443575795,0.0
distance_specificity,regime,ode,true-full,0.525,0.01,0.55,0.55,0.4,20,1.0,1.0,-0.33506716210060616,0.0
distance_specificity,regime,ode,true-full,0.525,0.01,0.55,0.55,0.8,20,1.0,0.95,-0.3508877650741601,0.0
distance_specificity,regime,ode,true-subset,0.525,0.01,0.55,0.55,0.1,20,0.85,0.3,-0.001770929430601205,0.15
distance_specificity,regime,ode,true-subset,0.525,0.01,0.55,0.55,0.4,20,0.9,0.65,-0.042916133146446336,0.1
distance_specificity,regime,ode,true-subset,0.525,0.01,0.55,0.55,0.8,20,0.75,0.25,-0.011594997978040915,0.25
distance_specificity,regime,spline,biased-specific,0.525,0.01,0.55,0.55,0.1,20,0.45,0.15,-0.0067024764151797245,0.45
distance_specificity,regime,spline,biased-specific,0.525,0.01,0.55,0.55,0.4,20,0.75,0.35,-0.05237025995938074,0.25
distance_specificity,regime,spline,biased-specific,0.525,0.01,0.55,0.55,0.8,20,0.85,0.65,-0.22136331027442022,0.1
distance_specificity,regime,spline,true-full,0.525,0.01,0.55,0.55,0.1,20,1.0,1.0,-0.20127210984417404,0.0
distance_specificity,regime,spline,true-full,0.525,0.01,0.55,0.55,0.4,20,1.0,0.95,-0.2820216112563923,0.0
distance_specificity,regime,spline,true-full,0.525,0.01,0.55,0.55,0.8,20,1.0,0.85,-0.274611944203848,0.0
distance_specificity,regime,spline,true-subset,0.525,0.01,0.55,0.55,0.1,20,1.0,0.5,-0.00653580407912884,0.0
distance_specificity,regime,spline,true-subset,0.525,0.01,0.55,0.55,0.4,20,0.7,0.3,-0.013011561772300714,0.2
distance_specificity,regime,spline,true-subset,0.525,0.01,0.55,0.55,0.8,20,0.6,0.25,0.016602958994784922,0.35
distance_specificity,turning,basis,biased-specific,0.525,0.01,0.55,0.55,0.1,20,1.0,1.0,-0.037194697125545906,0.0
distance_specificity,turning,basis,biased-specific,0.525,0.01,0.55,0.55,0.4,20,1.0,0.75,-0.006834118547014158,0.0
distance_specificity,turning,basis,biased-specific,0.525,0.01,0.55,0.55,0.8,20,0.9,0.85,-0.06046307960673984,0.1
distance_specificity,turning,basis,true-full,0.525,0.01,0.55,0.55,0.1,20,0.95,0.85,-0.02054922441633281,0.05
distance_specificity,turning,basis,true-full,0.525,0.01,0.55,0.55,0.4,20,1.0,0.9,-0.06335482250385167,0.0
distance_specificity,turning,basis,true-full,0.525,0.01,0.55,0.55,0.8,20,1.0,0.9,-0.123211908971162,0.0
distance_specificity,turning,basis,true-subset,0.525,0.01,0.55,0.55,0.1,20,1.0,1.0,-0.023566665726800974,0.0
distance_specificity,turning,basis,true-subset,0.525,0.01,0.55,0.55,0.4,20,1.0,0.8,-0.019590331872593195,0.0
distance_specificity,turning,basis,true-subset,0.525,0.01,0.55,0.55,0.8,20,0.9,0.85,-0.10819036907532795,0.1
distance_specificity,turning,ode,biased-specific,0.525,0.01,0.55,0.55,0.1,20,1.0,1.0,-0.03494749109129332,0.0
distance_specificity,turning,ode,biased-specific,0.525,0.01,0.55,0.55,0.4,20,1.0,0.85,-0.021918114348056163,0.0
distance_specificity,turning,ode,biased-specific,0.525,0.01,0.55,0.55,0.8,20,1.0,0.85,-0.0693016429142774,0.0
distance_specificity,turning,ode,true-full,0.525,0.01,0.55,0.55,0.1,20,0.85,0.85,-0.019190419504598707,0.15
distance_specificity,turning,ode,true-full,0.525,0.01,0.55,0.55,0.4,20,1.0,1.0,-0.06354169074754282,0.0
distance_specificity,turning,ode,true-full,0.525,0.01,0.55,0.55,0.8,20,1.0,0.95,-0.13843978289182488,0.0
distance_specificity,turning,ode,true-subset,0.525,0.01,0.55,0.55,0.1,20,1.0,1.0,-0.020001969613903582,0.0
distance_specificity,turning,ode,true-subset,0.525,0.01,0.55,0.55,0.4,20,1.0,0.8,-0.01871493249619196,0.0
distance_specificity,turning,ode,true-subset,0.525,0.01,0.55,0.55,0.8,20,0.95,0.85,-0.11653132844480421,0.0
distance_specificity,turning,spline,biased-specific,0.525,0.01,0.55,0.55,0.1,20,1.0,1.0,-0.04999135647971974,0.0
distance_specificity,turning,spline,biased-specific,0.525,0.01,0.55,0.55,0.4,20,0.95,0.8,-0.015252446188567003,0.05
distance_specificity,turning,spline,biased-specific,0.525,0.01,0.55,0.55,0.8,20,0.8,0.65,-0.05222456430886367,0.15
distance_specificity,turning,spline,true-full,0.525,0.01,0.55,0.55,0.1,20,0.95,0.8,-0.02524986614182642,0.05
distance_specificity,turning,spline,true-full,0.525,0.01,0.55,0.55,0.4,20,1.0,0.95,-0.0577213640410668,0.0
distance_specificity,turning,spline,true-full,0.525,0.01,0.55,0.55,0.8,20,1.0,0.95,-0.11840806802234878,0.0
distance_specificity,turning,spline,true-subset,0.525,0.01,0.55,0.55,0.1,20,1.0,1.0,-0.020807946576949378,0.0
distance_specificity,turning,spline,true-subset,0.525,0.01,0.55,0.55,0.4,20,1.0,0.7,-0.017720543834763965,0.0
distance_specificity,turning,spline,true-subset,0.525,0.01,0.55,0.55,0.8,20,0.95,0.85,-0.11933616689467064,0.0
exposure_effect,asymptote,basis,true-full,0.525,0.01,0.1,0.15,0.4,20,0.1,0.0,0.030647451200547588,0.9
exposure_effect,asymptote,basis,true-full,0.525,0.01,0.1,0.45,0.4,20,0.05,0.05,0.04479987574463627,0.95
exposure_effect,asymptote,basis,true-full,0.525,0.01,0.1,0.85,0.4,20,0.0,0.0,0.05277035861577324,1.0
exposure_effect,asymptote,basis,true-full,0.525,0.01,0.45,0.15,0.4,20,0.2,0.05,0.03036656926552081,0.8
exposure_effect,asymptote,basis,true-full,0.525,0.01,0.45,0.45,0.4,20,0.1,0.05,0.044143807421869054,0.85
exposure_effect,asymptote,basis,true-full,0.525,0.01,0.45,0.85,0.4,20,0.0,0.0,0.045847791762858185,1.0
exposure_effect,asymptote,basis,true-full,0.525,0.01,0.8,0.15,0.4,20,0.25,0.15,0.030924820841587534,0.75
exposure_effect,asymptote,basis,true-full,0.525,0.01,0.8,0.45,0.4,20,0.05,0.0,0.04495283271660237,0.95
exposure_effect,asymptote,basis,true-full,0.525,0.01,0.8,0.85,0.4,20,0.0,0.0,0.049810498047722106,0.95
exposure_effect,asymptote,ode,true-full,0.525,0.01,0.1,0.15,0.4,20,0.3,0.05,0.029841616371757695,0.7
exposure_effect,asymptote,ode,true-full,0.525,0.01,0.1,0.45,0.4,20,0.05,0.05,0.04845517277264502,0.95
exposure_effect,asymptote,ode,true-full,0.525,0.01,0.1,0.85,0.4,20,0.05,0.05,0.04147806939530399,0.9
exposure_effect,asymptote,ode,true-full,0.525,0.01,0.45,0.15,0.4,20,0.25,0.1,0.032119110967785115,0.75
exposure_effect,asymptote,ode,true-full,0.525,0.01,0.45,0.45,0.4,20,0.1,0.05,0.04584090862073027,0.9
exposure_effect,asymptote,ode,true-full,0.525,0.01,0.45,0.85,0.4,20,0.1,0.0,0.045821902073553,0.9
exposure_effect,asymptote,ode,true-full,0.525,0.01,0.8,0.15,0.4,20,0.3,0.05,0.030702721242515156,0.7
exposure_effect,asymptote,ode,true-full,0.525,0.01,0.8,0.45,0.4,20,0.0,0.0,0.05860226561416639,1.0
exposure_effect,asymptote,ode,true-full,0.525,0.01,0.8,0.85,0.4,20,0.05,0.0,0.04359700841671611,0.95
exposure_effect,asymptote,spline,true-full,0.525,0.01,0.1,0.15,0.4,20,0.0,0.0,0.031867837432096,1.0
exposure_effect,asymptote,spline,true-full,0.525,0.01,0.1,0.45,0.4,20,0.05,0.0,0.04755051023326709,0.95
exposure_effect,asymptote,spline,true-full,0.525,0.01,0.1,0.85,0.4,20,0.0,0.0,0.04566664773485845,1.0
exposure_effect,asymptote,spline,true-full,0.525,0.01,0.45,0.15,0.4,20,0.0,0.0,0.02995187586618958,1.0
exposure_effect,asymptote,spline,true-full,0.525,0.01,0.45,0.45,0.4,20,0.0,0.0,0.04731097006835242,1.0
exposure_effect,asymptote,spline,true-full,0.525,0.01,0.45,0.85,0.4,20,0.0,0.0,0.05011366551778764,1.0
exposure_effect,asymptote,spline,true-full,0.525,0.01,0.8,0.15,0.4,20,0.05,0.0,0.03668267520478679,0.95
exposure_effect,asymptote,spline,true-full,0.525,0.01,0.8,0.45,0.4,20,0.1,0.0,0.04817021921063229,0.9
exposure_effect,asymptote,spline,true-full,0.525,0.01,0.8,0.85,0.4,20,0.0,0.0,0.05187135180094591,1.0
exposure_effect,bound,basis,true-full,0.525,0.01,0.1,0.15,0.4,20,0.55,0.0,0.01575349829809509,0.35
exposure_effect,bound,basis,true-full,0.525,0.01,0.1,0.45,0.4,20,0.3,0.0,0.018035428743538716,0.45
exposure_effect,bound,basis,true-full,0.525,0.01,0.1,0.85,0.4,20,0.3,0.0,0.036095878273029396,0.6
exposure_effect,bound,basis,true-full,0.525,0.01,0.45,0.15,0.4,20,0.5,0.05,0.018564515396305117,0.45
exposure_effect,bound,basis,true-full,0.525,0.01,0.45,0.45,0.4,20,0.55,0.0,0.013667260625308939,0.25
exposure_effect,bound,basis,true-full,0.525,0.01,0.45,0.85,0.4,20,0.4,0.0,0.015118133945490256,0.3
exposure_effect,bound,basis,true-full,0.525,0.01,0.8,0.15,0.4,20,0.5,0.0,0.013835165378708585,0.35
exposure_effect,bound,basis,true-full,0.525,0.01,0.8,0.45,0.4,20,0.4,0.0,0.018147449996973194,0.45
exposure_effect,bound,basis,true-full,0.525,0.01,0.8,0.85,0.4,20,0.45,0.0,0.020191813443942063,0.4
exposure_effect,bound,ode,true-full,0.525,0.01,0.1,0.15,0.4,20,0.45,0.0,0.018288601809943107,0.5
exposure_effect,bound,ode,true-full,0.525,0.01,0.1,0.45,0.4,20,0.4,0.0,0.01800199402876573,0.5
exposure_effect,bound,ode,true-full,0.525,0.01,0.1,0.85,0.4,20,0.55,0.0,0.02180265886619127,0.25
exposure_effect,bound,ode,true-full,0.525,0.01,0.45,0.15,0.4,20,0.75,0.0,0.01362451790704573,0.25
exposure_effect,bound,ode,true-full,0.525,0.01,0.45,0.45,0.4,20,0.55,0.0,0.022697393493986966,0.4
exposure_effect,bound,ode,true-full,0.525,0.01,0.45,0.85,0.4,20,0.35,0.0,0.025657166978866885,0.5
exposure_effect,bound,ode,true-full,0.525,0.01,0.8,0.15,0.4,20,0.55,0.0,0.013615037670419666,0.3
exposure_effect,bound,ode,true-full,0.525,0.01,0.8,0.45,0.4,20,0.5,0.05,0.012121566989998491,0.3
exposure_effect,bound,ode,true-full,0.525,0.01,0.8,0.85,0.4,20,0.3,0.0,0.027045676267417922,0.6
exposure_effect,bound,spline,true-full,0.525,0.01,0.1,0.15,0.4,20,0.35,0.0,0.019624417999054792,0.4
exposure_effect,bound,spline,true-full,0.525,0.01,0.1,0.45,0.4,20,0.55,0.05,0.017742254894542755,0.3
exposure_effect,bound,spline,true-full,0.525,0.01,0.1,0.85,0.4,20,0.1,0.0,0.028962360984525502,0.75
exposure_effect,bound,spline,true-full,0.525,0.01,0.45,0.15,0.4,20,0.55,0.0,0.020730707131601876,0.4
exposure_effect,bound,spline,true-full,0.525,0.01,0.45,0.45,0.4,20,0.5,0.0,0.01795555402997292,0.3
exposure_effect,bound,spline,true-full,0.525,0.01,0.45,0.85,0.4,20,0.5,0.0,0.03323920231696682,0.2
exposure_effect,bound,spline,true-full,0.525,0.01,0.8,0.15,0.4,20,0.45,0.0,0.019348601633214196,0.35
exposure_effect,bound,spline,true-full,0.525,0.01,0.8,0.45,0.4,20,0.15,0.0,0.026866780924229623,0.75
exposure_effect,bound,spline,true-full,0.525,0.01,0.8,0.85,0.4,20,0.6,0.05,0.0217667310670892,0.25
exposure_effect,curvature,basis,true-full,0.525,0.01,0.1,0.15,0.4,20,0.75,0.0,0.012780026174968692,0.25
exposure_effect,curvature,basis,true-full,0.525,0.01,0.1,0.45,0.4,20,0.85,0.0,0.01505630610969495,0.15
exposure_effect,curvature,basis,true-full,0.525,0.01,0.1,0.85,0.4,20,0.65,0.0,0.0177286592032145,0.3
exposure_effect,curvature,basis,true-full,0.525,0.01,0.45,0.15,0.4,20,0.8,0.0,0.013028545419620452,0.2
exposure_effect,curvature,basis,true-full,0.525,0.01,0.45,0.45,0.4,20,0.85,0.05,0.013191997269753281,0.05
exposure_effect,curvature,basis,true-full,0.525,0.01,0.45,0.85,0.4,20,0.8,0.0,0.01804650011033194,0.15
exposure_effect,curvature,basis,true-full,0.525,0.01,0.8,0.15,0.4,20,0.75,0.0,0.012990768418606908,0.1
exposure_effect,curvature,basis,true-full,0.525,0.01,0.8,0.45,0.4,20,0.9,0.0,0.015529717021334663,0.1
exposure_effect,curvature,basis,true-full,0.525,0.01,0.8,0.85,0.4,20,0.8,0.0,0.02028891051062144,0.2
exposure_effect,curvature,ode,true-full,0.525,0.01,0.1,0.15,0.4,20,0.75,0.0,0.012884496498573126,0.2
exposure_effect,curvature,ode,true-full,0.525,0.01,0.1,0.45,0.4,20,0.9,0.05,0.016214001769037027,0.1
exposure_effect,curvature,ode,true-full,0.525,0.01,0.1,0.85,0.4,20,0.8,0.0,0.01772159337292726,0.1
exposure_effect,curvature,ode,true-full,0.525,0.01,0.45,0.15,0.4,20,0.95,0.0,0.01270940245444637,0.0
exposure_effect,curvature,ode,true-full,0.525,0.01,0.45,0.45,0.4,20,0.75,0.0,0.015943099259673788,0.2
exposure_effect,curvature,ode,true-full,0.525,0.01,0.45,0.85,0.4,20,0.7,0.0,0.018895365260179642,0.25
exposure_effect,curvature,ode,true-full,0.525,0.01,0.8,0.15,0.4,20,0.95,0.0,0.011107026539934103,0.05
exposure_effect,curvature,ode,true-full,0.525,0.01,0.8,0.45,0.4,20,0.85,0.0,0.015565090103028811,0.05
exposure_effect,curvature,ode,true-full,0.525,0.01,0.8,0.85,0.4,20,0.75,0.0,0.01925356929084218,0.25
exposure_effect,curvature,spline,true-full,0.525,0.01,0.1,0.15,0.4,20,0.85,0.05,0.01087934470184564,0.1
exposure_effect,curvature,spline,true-full,0.525,0.01,0.1,0.45,0.4,20,0.6,0.0,0.015359252675511003,0.25
exposure_effect,curvature,spline,true-full,0.525,0.01,0.1,0.85,0.4,20,0.9,0.0,0.016723673662534883,0.1
exposure_effect,curvature,spline,true-full,0.525,0.01,0.45,0.15,0.4,20,0.85,0.05,0.01357751379023473,0.1
exposure_effect,curvature,spline,true-full,0.525,0.01,0.45,0.45,0.4,20,0.75,0.0,0.016231119965233992,0.25
exposure_effect,curvature,spline,true-full,0.525,0.01,0.45,0.85,0.4,20,0.7,0.05,0.020202117226792417,0.25
exposure_effect,curvature,spline,true-full,0.525,0.01,0.8,0.15,0.4,20,0.9,0.05,0.013572711214322547,0.05
exposure_effect,curvature,spline,true-full,0.525,0.01,0.8,0.45,0.4,20,0.75,0.1,0.016334621537699396,0.2
exposure_effect,curvature,spline,true-full,0.525,0.01,0.8,0.85,0.4,20,0.95,0.0,0.01623719056672305,0.05
exposure_effect,direction,basis,true-full,0.525,0.01,0.1,0.15,0.4,20,0.8,0.0,0.015455682967040469,0.15
exposure_effect,direction,basis,true-full,0.525,0.01,0.1,0.45,0.4,20,0.65,0.05,0.016431559217811934,0.15
exposure_effect,direction,basis,true-full,0.525,0.01,0.1,0.85,0.4,20,0.85,0.0,0.015763905495322354,0.05
exposure_effect,direction,basis,true-full,0.525,0.01,0.45,0.15,0.4,20,0.75,0.0,0.014792457105188034,0.25
exposure_effect,direction,basis,true-full,0.525,0.01,0.45,0.45,0.4,20,0.75,0.0,0.015037168418808112,0.25
exposure_effect,direction,basis,true-full,0.525,0.01,0.45,0.85,0.4,20,0.75,0.0,0.016913363464270467,0.2
exposure_effect,direction,basis,true-full,0.525,0.01,0.8,0.15,0.4,20,0.75,0.0,0.01604727613429176,0.1
exposure_effect,direction,basis,true-full,0.525,0.01,0.8,0.45,0.4,20,0.75,0.0,0.01578336776957175,0.2
exposure_effect,direction,basis,true-full,0.525,0.01,0.8,0.85,0.4,20,0.5,0.05,0.01641679544766754,0.3
exposure_effect,direction,ode,true-full,0.525,0.01,0.1,0.15,0.4,20,0.55,0.0,0.01383154875427683,0.3
exposure_effect,direction,ode,true-full,0.525,0.01,0.1,0.45,0.4,20,0.85,0.05,0.01403798037873107,0.05
exposure_effect,direction,ode,true-full,0.525,0.01,0.1,0.85,0.4,20,0.8,0.05,0.012857387767345446,0.2
exposure_effect,direction,ode,true-full,0.525,0.01,0.45,0.15,0.4,20,0.7,0.0,0.01399965792690006,0.2
exposure_effect,direction,ode,true-full,0.525,0.01,0.45,0.45,0.4,20,0.65,0.0,0.014004417138572617,0.25
exposure_effect,direction,ode,true-full,0.525,0.01,0.45,0.85,0.4,20,0.9,0.0,0.013308810172089788,0.0
exposure_effect,direction,ode,true-full,0.525,0.01,0.8,0.15,0.4,20,0.75,0.0,0.013602677732628504,0.2
exposure_effect,direction,ode,true-full,0.525,0.01,0.8,0.45,0.4,20,0.85,0.0,0.013844754319001415,0.05
exposure_effect,direction,ode,true-full,0.525,0.01,0.8,0.85,0.4,20,0.75,0.0,0.014084103850984788,0.2
exposure_effect,direction,spline,true-full,0.525,0.01,0.1,0.15,0.4,20,0.65,0.0,0.014973172252762502,0.25
exposure_effect,direction,spline,true-full,0.525,0.01,0.1,0.45,0.4,20,0.8,0.0,0.014587002732173995,0.2
exposure_effect,direction,spline,true-full,0.525,0.01,0.1,0.85,0.4,20,0.65,0.0,0.01510296512053246,0.25
exposure_effect,direction,spline,true-full,0.525,0.01,0.45,0.15,0.4,20,0.75,0.0,0.015550591656675498,0.25
exposure_effect,direction,spline,true-full,0.525,0.01,0.45,0.45,0.4,20,0.6,0.0,0.014761886531160085,0.2
exposure_effect,direction,spline,true-full,0.525,0.01,0.45,0.85,0.4,20,0.75,0.05,0.01443923578744635,0.25
exposure_effect,direction,spline,true-full,0.525,0.01,0.8,0.15,0.4,20,0.85,0.0,0.014737103561530096,0.15
exposure_effect,direction,spline,true-full,0.525,0.01,0.8,0.45,0.4,20,0.6,0.0,0.015619782821808073,0.35
exposure_effect,direction,spline,true-full,0.525,0.01,0.8,0.85,0.4,20,0.75,0.0,0.016002179623140687,0.1
exposure_effect,inflection,basis,true-full,0.525,0.01,0.1,0.15,0.4,20,0.5,0.25,0.00546575655850247,0.5
exposure_effect,inflection,basis,true-full,0.525,0.01,0.1,0.45,0.4,20,0.8,0.65,-0.005766211690423909,0.15
exposure_effect,inflection,basis,true-full,0.525,0.01,0.1,0.85,0.4,20,1.0,1.0,-0.047848464225475465,0.0
exposure_effect,inflection,basis,true-full,0.525,0.01,0.45,0.15,0.4,20,0.4,0.25,0.005242005826617013,0.6
exposure_effect,inflection,basis,true-full,0.525,0.01,0.45,0.45,0.4,20,0.9,0.85,-0.01115164840775227,0.1
exposure_effect,inflection,basis,true-full,0.525,0.01,0.45,0.85,0.4,20,1.0,0.95,-0.043299718872469466,0.0
exposure_effect,inflection,basis,true-full,0.525,0.01,0.8,0.15,0.4,20,0.45,0.35,0.005556038261327218,0.55
exposure_effect,inflection,basis,true-full,0.525,0.01,0.8,0.45,0.4,20,0.95,0.85,-0.012897270029424038,0.05
exposure_effect,inflection,basis,true-full,0.525,0.01,0.8,0.85,0.4,20,1.0,0.9,-0.04600926957518305,0.0
exposure_effect,inflection,ode,true-full,0.525,0.01,0.1,0.15,0.4,20,0.6,0.4,0.005898247292759252,0.4
exposure_effect,inflection,ode,true-full,0.525,0.01,0.1,0.45,0.4,20,0.9,0.8,-0.014499061898379979,0.1
exposure_effect,inflection,ode,true-full,0.525,0.01,0.1,0.85,0.4,20,1.0,0.95,-0.04381245107335506,0.0
exposure_effect,inflection,ode,true-full,0.525,0.01,0.45,0.15,0.4,20,0.45,0.3,0.00492823243710971,0.55
exposure_effect,inflection,ode,true-full,0.525,0.01,0.45,0.45,0.4,20,0.85,0.6,-0.007703222575711067,0.15
exposure_effect,inflection,ode,true-full,0.525,0.01,0.45,0.85,0.4,20,1.0,0.95,-0.050447288342498765,0.0
exposure_effect,inflection,ode,true-full,0.525,0.01,0.8,0.15,0.4,20,0.4,0.2,0.006422116239596233,0.6
exposure_effect,inflection,ode,true-full,0.525,0.01,0.8,0.45,0.4,20,0.9,0.75,-0.011122283675962512,0.1
exposure_effect,inflection,ode,true-full,0.525,0.01,0.8,0.85,0.4,20,1.0,0.9,-0.04057072768367272,0.0
exposure_effect,inflection,spline,true-full,0.525,0.01,0.1,0.15,0.4,20,0.65,0.45,0.0063264342841408945,0.35
exposure_effect,inflection,spline,true-full,0.525,0.01,0.1,0.45,0.4,20,0.85,0.65,-0.007912743230176603,0.15
exposure_effect,inflection,spline,true-full,0.525,0.01,0.1,0.85,0.4,20,1.0,1.0,-0.05753241214300536,0.0
exposure_effect,inflection,spline,true-full,0.525,0.01,0.45,0.15,0.4,20,0.6,0.4,0.0054433438747723,0.4
exposure_effect,inflection,spline,true-full,0.525,0.01,0.45,0.45,0.4,20,0.95,0.8,-0.01629792139851039,0.05
exposure_effect,inflection,spline,true-full,0.525,0.01,0.45,0.85,0.4,20,0.95,0.9,-0.03606577495286014,0.05
exposure_effect,inflection,spline,true-full,0.525,0.01,0.8,0.15,0.4,20,0.55,0.4,0.0060232403252449395,0.45
exposure_effect,inflection,spline,true-full,0.525,0.01,0.8,0.45,0.4,20,0.85,0.75,-0.01567342942587768,0.15
exposure_effect,inflection,spline,true-full,0.525,0.01,0.8,0.85,0.4,20,1.0,1.0,-0.049983109417891934,0.0
exposure_effect,regime,basis,true-full,0.525,0.01,0.1,0.15,0.4,20,0.8,0.45,-0.03887506104957918,0.2
exposure_effect,regime,basis,true-full,0.525,0.01,0.1,0.45,0.4,20,0.95,0.95,-0.2420820216075879,0.0
exposure_effect,regime,basis,true-full,0.525,0.01,0.1,0.85,0.4,20,1.0,1.0,-0.4826218083837609,0.0
exposure_effect,regime,basis,true-full,0.525,0.01,0.45,0.15,0.4,20,0.8,0.5,-0.05225375422885341,0.2
exposure_effect,regime,basis,true-full,0.525,0.01,0.45,0.45,0.4,20,1.0,1.0,-0.21768133579173302,0.0
exposure_effect,regime,basis,true-full,0.525,0.01,0.45,0.85,0.4,20,1.0,1.0,-0.5154195265782475,0.0
exposure_effect,regime,basis,true-full,0.525,0.01,0.8,0.15,0.4,20,0.9,0.25,-0.0258125474947244,0.1
exposure_effect,regime,basis,true-full,0.525,0.01,0.8,0.45,0.4,20,1.0,1.0,-0.3153873949078048,0.0
exposure_effect,regime,basis,true-full,0.525,0.01,0.8,0.85,0.4,20,1.0,1.0,-0.4828769548484285,0.0
exposure_effect,regime,ode,true-full,0.525,0.01,0.1,0.15,0.4,20,0.7,0.4,-0.02517047835968216,0.3
exposure_effect,regime,ode,true-full,0.525,0.01,0.1,0.45,0.4,20,1.0,0.9,-0.20415790619761234,0.0
exposure_effect,regime,ode,true-full,0.525,0.01,0.1,0.85,0.4,20,1.0,1.0,-0.47499984122278177,0.0
exposure_effect,regime,ode,true-full,0.525,0.01,0.45,0.15,0.4,20,0.8,0.5,-0.04042214868917794,0.2
exposure_effect,regime,ode,true-full,0.525,0.01,0.45,0.45,0.4,20,1.0,0.85,-0.19148658801979673,0.0
exposure_effect,regime,ode,true-full,0.525,0.01,0.45,0.85,0.4,20,1.0,1.0,-0.4434778299200909,0.0
exposure_effect,regime,ode,true-full,0.525,0.01,0.8,0.15,0.4,20,0.7,0.35,-0.029240809499164595,0.3
exposure_effect,regime,ode,true-full,0.525,0.01,0.8,0.45,0.4,20,1.0,0.95,-0.18582441739877534,0.0
exposure_effect,regime,ode,true-full,0.525,0.01,0.8,0.85,0.4,20,1.0,1.0,-0.5714805130748856,0.0
exposure_effect,regime,spline,true-full,0.525,0.01,0.1,0.15,0.4,20,0.85,0.4,-0.034815426741122424,0.15
exposure_effect,regime,spline,true-full,0.525,0.01,0.1,0.45,0.4,20,1.0,0.85,-0.20075721750790843,0.0
exposure_effect,regime,spline,true-full,0.525,0.01,0.1,0.85,0.4,20,1.0,1.0,-0.6132149387673145,0.0
exposure_effect,regime,spline,true-full,0.525,0.01,0.45,0.15,0.4,20,0.75,0.2,-0.016792755303813477,0.2
exposure_effect,regime,spline,true-full,0.525,0.01,0.45,0.45,0.4,20,1.0,0.95,-0.2563288398253142,0.0
exposure_effect,regime,spline,true-full,0.525,0.01,0.45,0.85,0.4,20,1.0,1.0,-0.47754411011155967,0.0
exposure_effect,regime,spline,true-full,0.525,0.01,0.8,0.15,0.4,20,0.9,0.2,-0.03219285284670577,0.1
exposure_effect,regime,spline,true-full,0.525,0.01,0.8,0.45,0.4,20,1.0,1.0,-0.1990328547788489,0.0
exposure_effect,regime,spline,true-full,0.525,0.01,0.8,0.85,0.4,20,1.0,1.0,-0.4378121821860206,0.0
exposure_effect,turning,basis,true-full,0.525,0.01,0.1,0.15,0.4,20,0.85,0.6,0.008253740313982889,0.15
exposure_effect,turning,basis,true-full,0.525,0.01,0.1,0.45,0.4,20,1.0,0.75,-0.033042401685989035,0.0
exposure_effect,turning,basis,true-full,0.525,0.01,0.1,0.85,0.4,20,1.0,1.0,-0.16210979739419185,0.0
exposure_effect,turning,basis,true-full,0.525,0.01,0.45,0.15,0.4,20,0.7,0.6,0.006782245572006918,0.25
exposure_effect,turning,basis,true-full,0.525,0.01,0.45,0.45,0.4,20,0.95,0.9,-0.047874106725460885,0.0
exposure_effect,turning,basis,true-full,0.525,0.01,0.45,0.85,0.4,20,1.0,1.0,-0.16397020230609144,0.0
exposure_effect,turning,basis,true-full,0.525,0.01,0.8,0.15,0.4,20,0.65,0.55,0.007735461803937624,0.3
exposure_effect,turning,basis,true-full,0.525,0.01,0.8,0.45,0.4,20,1.0,0.9,-0.039464299937425576,0.0
exposure_effect,turning,basis,true-full,0.525,0.01,0.8,0.85,0.4,20,1.0,1.0,-0.10628354197294927,0.0
exposure_effect,turning,ode,true-full,0.525,0.01,0.1,0.15,0.4,20,0.8,0.65,0.007239788976127747,0.15
exposure_effect,turning,ode,true-full,0.525,0.01,0.1,0.45,0.4,20,1.0,0.85,-0.04100794085527104,0.0
exposure_effect,turning,ode,true-full,0.525,0.01,0.1,0.85,0.4,20,1.0,1.0,-0.160028323970379,0.0
exposure_effect,turning,ode,true-full,0.525,0.01,0.45,0.15,0.4,20,0.7,0.55,0.004562798637689136,0.3
exposure_effect,turning,ode,true-full,0.525,0.01,0.45,0.45,0.4,20,1.0,0.9,-0.041503444303716455,0.0
exposure_effect,turning,ode,true-full,0.525,0.01,0.45,0.85,0.4,20,1.0,1.0,-0.1482961073256765,0.0
exposure_effect,turning,ode,true-full,0.525,0.01,0.8,0.15,0.4,20,0.75,0.7,0.0019700136936611503,0.25
exposure_effect,turning,ode,true-full,0.525,0.01,0.8,0.45,0.4,20,1.0,0.95,-0.04859250048797472,0.0
exposure_effect,turning,ode,true-full,0.525,0.01,0.8,0.85,0.4,20,1.0,1.0,-0.1526865416572702,0.0
exposure_effect,turning,spline,true-full,0.525,0.01,0.1,0.15,0.4,20,0.8,0.55,0.006651278829028782,0.15
exposure_effect,turning,spline,true-full,0.525,0.01,0.1,0.45,0.4,20,1.0,0.85,-0.04267994137764945,0.0
exposure_effect,turning,spline,true-full,0.525,0.01,0.1,0.85,0.4,20,1.0,1.0,-0.13081239713626835,0.0
exposure_effect,turning,spline,true-full,0.525,0.01,0.45,0.15,0.4,20,0.65,0.45,0.007728193283181821,0.3
exposure_effect,turning,spline,true-full,0.525,0.01,0.45,0.45,0.4,20,0.95,0.8,-0.037999986953884936,0.0
exposure_effect,turning,spline,true-full,0.525,0.01,0.45,0.85,0.4,20,1.0,1.0,-0.1321054524081593,0.0
exposure_effect,turning,spline,true-full,0.525,0.01,0.8,0.15,0.4,20,0.55,0.55,0.007223483000891287,0.45
exposure_effect,turning,spline,true-full,0.525,0.01,0.8,0.45,0.4,20,1.0,0.9,-0.04627796637581464,0.0
exposure_effect,turning,spline,true-full,0.525,0.01,0.8,0.85,0.4,20,1.0,1.0,-0.13178155443696943,0.0
support_noise,asymptote,basis,true-full,0.35,0.001,0.55,0.55,0.4,20,0.65,0.2,0.02607675339188434,0.35
support_noise,asymptote,basis,true-full,0.35,0.01,0.55,0.55,0.4,20,0.15,0.05,0.03244999530583541,0.85
support_noise,asymptote,basis,true-full,0.35,0.05,0.55,0.55,0.4,20,0.0,0.0,0.06187476470348341,0.95
support_noise,asymptote,basis,true-full,0.525,0.001,0.55,0.55,0.4,20,0.5,0.15,0.029290154557677077,0.5
support_noise,asymptote,basis,true-full,0.525,0.01,0.55,0.55,0.4,20,0.15,0.05,0.040914127870889314,0.85
support_noise,asymptote,basis,true-full,0.525,0.05,0.55,0.55,0.4,20,0.1,0.0,0.11476270244731852,0.9
support_noise,asymptote,basis,true-full,0.7,0.001,0.55,0.55,0.4,20,0.25,0.15,0.035595259724238264,0.7
support_noise,asymptote,basis,true-full,0.7,0.01,0.55,0.55,0.4,20,0.1,0.05,0.057510714784815356,0.9
support_noise,asymptote,basis,true-full,0.7,0.05,0.55,0.55,0.4,20,0.0,0.0,0.24657895098200636,1.0
support_noise,asymptote,ode,true-full,0.35,0.001,0.55,0.55,0.4,20,0.85,0.6,0.029813251766317862,0.1
support_noise,asymptote,ode,true-full,0.35,0.01,0.55,0.55,0.4,20,0.35,0.2,0.034225478552997124,0.65
support_noise,asymptote,ode,true-full,0.35,0.05,0.55,0.55,0.4,20,0.0,0.0,0.06245076073091231,1.0
support_noise,asymptote,ode,true-full,0.525,0.001,0.55,0.55,0.4,20,0.4,0.15,0.0364343542368656,0.6
support_noise,asymptote,ode,true-full,0.525,0.01,0.55,0.55,0.4,20,0.1,0.05,0.051449000095821706,0.9
support_noise,asymptote,ode,true-full,0.525,0.05,0.55,0.55,0.4,20,0.0,0.0,0.12214264966555785,1.0
support_noise,asymptote,ode,true-full,0.7,0.001,0.55,0.55,0.4,20,0.25,0.1,0.036315966734159384,0.75
support_noise,asymptote,ode,true-full,0.7,0.01,0.55,0.55,0.4,20,0.05,0.0,0.07310655865057605,0.95
support_noise,asymptote,ode,true-full,0.7,0.05,0.55,0.55,0.4,20,0.1,0.0,0.195929722482544,0.9
support_noise,asymptote,spline,true-full,0.35,0.001,0.55,0.55,0.4,20,0.2,0.05,0.029662914561732673,0.8
support_noise,asymptote,spline,true-full,0.35,0.01,0.55,0.55,0.4,20,0.0,0.0,0.033879975845595406,1.0
support_noise,asymptote,spline,true-full,0.35,0.05,0.55,0.55,0.4,20,0.0,0.0,0.054548974149879324,1.0
support_noise,asymptote,spline,true-full,0.525,0.001,0.55,0.55,0.4,20,0.05,0.0,0.034569808534432075,0.95
support_noise,asymptote,spline,true-full,0.525,0.01,0.55,0.55,0.4,20,0.05,0.05,0.049467729764254245,0.95
support_noise,asymptote,spline,true-full,0.525,0.05,0.55,0.55,0.4,20,0.0,0.0,0.11532878172032372,1.0
support_noise,asymptote,spline,true-full,0.7,0.001,0.55,0.55,0.4,20,0.05,0.0,0.03782482204989085,0.95
support_noise,asymptote,spline,true-full,0.7,0.01,0.55,0.55,0.4,20,0.0,0.0,0.0791858984959693,1.0
support_noise,asymptote,spline,true-full,0.7,0.05,0.55,0.55,0.4,20,0.0,0.0,0.19665235845451678,1.0
support_noise,bound,basis,true-full,0.35,0.001,0.55,0.55,0.4,20,0.3,0.0,0.013967597313045166,0.55
support_noise,bound,basis,true-full,0.35,0.01,0.55,0.55,0.4,20,0.4,0.0,0.013201291318734858,0.4
support_noise,bound,basis,true-full,0.35,0.05,0.55,0.55,0.4,20,0.35,0.1,0.019596922302246106,0.55
support_noise,bound,basis,true-full,0.525,0.001,0.55,0.55,0.4,20,0.5,0.0,0.023328109049857347,0.35
support_noise,bound,basis,true-full,0.525,0.01,0.55,0.55,0.4,20,0.4,0.0,0.031590417332008014,0.35
support_noise,bound,basis,true-full,0.525,0.05,0.55,0.55,0.4,20,0.6,0.0,0.01850559543011886,0.35
support_noise,bound,basis,true-full,0.7,0.001,0.55,0.55,0.4,20,0.8,0.0,0.035472361485748005,0.15
support_noise,bound,basis,true-full,0.7,0.01,0.55,0.55,0.4,20,0.55,0.0,0.037535532086268523,0.2
support_noise,bound,basis,true-full,0.7,0.05,0.55,0.55,0.4,20,0.65,0.0,0.03933074350909195,0.2
support_noise,bound,ode,true-full,0.35,0.001,0.55,0.55,0.4,20,0.35,0.0,0.020294553750708252,0.5
support_noise,bound,ode,true-full,0.35,0.01,0.55,0.55,0.4,20,0.4,0.0,0.015415630207603382,0.6
support_noise,bound,ode,true-full,0.35,0.05,0.55,0.55,0.4,20,0.45,0.05,0.013931704995140038,0.45
support_noise,bound,ode,true-full,0.525,0.001,0.55,0.55,0.4,20,0.45,0.0,0.02620269326511269,0.5
support_noise,bound,ode,true-full,0.525,0.01,0.55,0.55,0.4,20,0.4,0.0,0.0182438328080603,0.45
support_noise,bound,ode,true-full,0.525,0.05,0.55,0.55,0.4,20,0.75,0.0,0.00832579360318687,0.2
support_noise,bound,ode,true-full,0.7,0.001,0.55,0.55,0.4,20,0.85,0.0,0.031061178296147927,0.05
support_noise,bound,ode,true-full,0.7,0.01,0.55,0.55,0.4,20,0.75,0.0,0.04527733267278901,0.2
support_noise,bound,ode,true-full,0.7,0.05,0.55,0.55,0.4,20,0.75,0.0,0.03721933799358425,0.1
support_noise,bound,spline,true-full,0.35,0.001,0.55,0.55,0.4,20,0.25,0.0,0.012819564454190094,0.75
support_noise,bound,spline,true-full,0.35,0.01,0.55,0.55,0.4,20,0.4,0.0,0.010964751611103832,0.45
support_noise,bound,spline,true-full,0.35,0.05,0.55,0.55,0.4,20,0.45,0.0,0.02073637769518697,0.45
support_noise,bound,spline,true-full,0.525,0.001,0.55,0.55,0.4,20,0.35,0.0,0.018923787567908235,0.4
support_noise,bound,spline,true-full,0.525,0.01,0.55,0.55,0.4,20,0.25,0.0,0.0279065819547284,0.55
support_noise,bound,spline,true-full,0.525,0.05,0.55,0.55,0.4,20,0.6,0.0,0.026649633890082663,0.15
support_noise,bound,spline,true-full,0.7,0.001,0.55,0.55,0.4,20,0.65,0.0,0.029992455814437696,0.25
support_noise,bound,spline,true-full,0.7,0.01,0.55,0.55,0.4,20,0.65,0.0,0.026403222152899482,0.2
support_noise,bound,spline,true-full,0.7,0.05,0.55,0.55,0.4,20,0.55,0.0,0.05421943446555836,0.25
support_noise,curvature,basis,true-full,0.35,0.001,0.55,0.55,0.4,20,0.6,0.0,0.01208899068100378,0.25
support_noise,curvature,basis,true-full,0.35,0.01,0.55,0.55,0.4,20,0.75,0.05,0.011298255620267036,0.15
support_noise,curvature,basis,true-full,0.35,0.05,0.55,0.55,0.4,20,0.7,0.0,0.009012600453010125,0.15
support_noise,curvature,basis,true-full,0.525,0.001,0.55,0.55,0.4,20,0.65,0.0,0.02024182790956499,0.3
support_noise,curvature,basis,true-full,0.525,0.01,0.55,0.55,0.4,20,0.7,0.0,0.01702899976991475,0.25
support_noise,curvature,basis,true-full,0.525,0.05,0.55,0.55,0.4,20,0.65,0.0,0.009395353377510154,0.3
support_noise,curvature,basis,true-full,0.7,0.001,0.55,0.55,0.4,20,0.85,0.0,0.024302152426227498,0.1
support_noise,curvature,basis,true-full,0.7,0.01,0.55,0.55,0.4,20,0.95,0.0,0.018411834786452648,0.05
support_noise,curvature,basis,true-full,0.7,0.05,0.55,0.55,0.4,20,0.7,0.05,-0.005176213599805367,0.1
support_noise,curvature,ode,true-full,0.35,0.001,0.55,0.55,0.4,20,0.5,0.0,0.01253326711353421,0.25
support_noise,curvature,ode,true-full,0.35,0.01,0.55,0.55,0.4,20,0.85,0.05,0.011140210579869105,0.15
support_noise,curvature,ode,true-full,0.35,0.05,0.55,0.55,0.4,20,0.8,0.0,0.003253325628395845,0.2
support_noise,curvature,ode,true-full,0.525,0.001,0.55,0.55,0.4,20,0.9,0.05,0.019847480189990697,0.05
support_noise,curvature,ode,true-full,0.525,0.01,0.55,0.55,0.4,20,0.75,0.1,0.017616613032603378,0.2
support_noise,curvature,ode,true-full,0.525,0.05,0.55,0.55,0.4,20,0.85,0.0,0.004051916988513102,0.1
support_noise,curvature,ode,true-full,0.7,0.001,0.55,0.55,0.4,20,0.9,0.0,0.025606149745410756,0.0
support_noise,curvature,ode,true-full,0.7,0.01,0.55,0.55,0.4,20,0.75,0.0,0.022025166435018388,0.1
support_noise,curvature,ode,true-full,0.7,0.05,0.55,0.55,0.4,20,0.8,0.1,-0.013665269130508514,0.2
support_noise,curvature,spline,true-full,0.35,0.001,0.55,0.55,0.4,20,0.75,0.0,0.012668414263113234,0.2
support_noise,curvature,spline,true-full,0.35,0.01,0.55,0.55,0.4,20,0.55,0.0,0.011435569661716823,0.4
support_noise,curvature,spline,true-full,0.35,0.05,0.55,0.55,0.4,20,0.85,0.0,0.007196720031526565,0.15
support_noise,curvature,spline,true-full,0.525,0.001,0.55,0.55,0.4,20,0.8,0.0,0.019172991102590006,0.15
support_noise,curvature,spline,true-full,0.525,0.01,0.55,0.55,0.4,20,0.8,0.0,0.01572075171231426,0.2
support_noise,curvature,spline,true-full,0.525,0.05,0.55,0.55,0.4,20,0.8,0.05,0.0018013757822627958,0.2
support_noise,curvature,spline,true-full,0.7,0.001,0.55,0.55,0.4,20,0.65,0.0,0.024555110315957474,0.1
support_noise,curvature,spline,true-full,0.7,0.01,0.55,0.55,0.4,20,0.8,0.0,0.01790384766108536,0.1
support_noise,curvature,spline,true-full,0.7,0.05,0.55,0.55,0.4,20,0.95,0.0,-0.011679573209169538,0.0
support_noise,direction,basis,true-full,0.35,0.001,0.55,0.55,0.4,20,0.7,0.0,0.010930761074114443,0.25
support_noise,direction,basis,true-full,0.35,0.01,0.55,0.55,0.4,20,0.75,0.0,0.010872778409797824,0.15
support_noise,direction,basis,true-full,0.35,0.05,0.55,0.55,0.4,20,0.55,0.0,0.011388783117592437,0.2
support_noise,direction,basis,true-full,0.525,0.001,0.55,0.55,0.4,20,0.7,0.0,0.015722714370608314,0.15
support_noise,direction,basis,true-full,0.525,0.01,0.55,0.55,0.4,20,0.6,0.0,0.017705804548387515,0.3
support_noise,direction,basis,true-full,0.525,0.05,0.55,0.55,0.4,20,0.75,0.0,0.014916432079492278,0.2
support_noise,direction,basis,true-full,0.7,0.001,0.55,0.55,0.4,20,0.9,0.0,0.02187377452481013,0.0
support_noise,direction,basis,true-full,0.7,0.01,0.55,0.55,0.4,20,0.7,0.0,0.02059502451919062,0.15
support_noise,direction,basis,true-full,0.7,0.05,0.55,0.55,0.4,20,0.55,0.05,0.05720917893607771,0.35
support_noise,direction,ode,true-full,0.35,0.001,0.55,0.55,0.4,20,0.7,0.05,0.010267833953273159,0.2
support_noise,direction,ode,true-full,0.35,0.01,0.55,0.55,0.4,20,0.6,0.0,0.010292366659161736,0.25
support_noise,direction,ode,true-full,0.35,0.05,0.55,0.55,0.4,20,0.75,0.0,0.008082051242527779,0.05
support_noise,direction,ode,true-full,0.525,0.001,0.55,0.55,0.4,20,0.7,0.0,0.015235775561625111,0.1
support_noise,direction,ode,true-full,0.525,0.01,0.55,0.55,0.4,20,0.85,0.0,0.01409836855500723,0.05
support_noise,direction,ode,true-full,0.525,0.05,0.55,0.55,0.4,20,0.45,0.0,0.024290494515361034,0.45
support_noise,direction,ode,true-full,0.7,0.001,0.55,0.55,0.4,20,0.75,0.0,0.02029241400202136,0.2
support_noise,direction,ode,true-full,0.7,0.01,0.55,0.55,0.4,20,0.75,0.0,0.01941713510322091,0.2
support_noise,direction,ode,true-full,0.7,0.05,0.55,0.55,0.4,20,0.45,0.05,0.0721018008197399,0.5
support_noise,direction,spline,true-full,0.35,0.001,0.55,0.55,0.4,20,0.7,0.0,0.010499809569272616,0.2
support_noise,direction,spline,true-full,0.35,0.01,0.55,0.55,0.4,20,0.7,0.0,0.010467545346727366,0.3
support_noise,direction,spline,true-full,0.35,0.05,0.55,0.55,0.4,20,0.55,0.0,0.010022599693313193,0.3
support_noise,direction,spline,true-full,0.525,0.001,0.55,0.55,0.4,20,0.7,0.05,0.01616356250018875,0.2
support_noise,direction,spline,true-full,0.525,0.01,0.55,0.55,0.4,20,0.8,0.05,0.01523072497040478,0.15
support_noise,direction,spline,true-full,0.525,0.05,0.55,0.55,0.4,20,0.45,0.0,0.021331478622113757,0.45
support_noise,direction,spline,true-full,0.7,0.001,0.55,0.55,0.4,20,0.8,0.0,0.02152518646956983,0.15
support_noise,direction,spline,true-full,0.7,0.01,0.55,0.55,0.4,20,0.85,0.0,0.020092665657428455,0.05
support_noise,direction,spline,true-full,0.7,0.05,0.55,0.55,0.4,20,0.35,0.05,0.06643535826576889,0.55
support_noise,inflection,basis,true-full,0.35,0.001,0.55,0.55,0.4,20,1.0,1.0,-0.001067806517693995,0.0
support_noise,inflection,basis,true-full,0.35,0.01,0.55,0.55,0.4,20,0.9,0.45,-0.0009049356400864337,0.1
support_noise,inflection,basis,true-full,0.35,0.05,0.55,0.55,0.4,20,0.8,0.45,0.0009522043885691825,0.15
support_noise,inflection,basis,true-full,0.525,0.001,0.55,0.55,0.4,20,1.0,1.0,-0.021158041630427143,0.0
support_noise,inflection,basis,true-full,0.525,0.01,0.55,0.55,0.4,20,1.0,0.9,-0.028051798686410695,0.0
support_noise,inflection,basis,true-full,0.525,0.05,0.55,0.55,0.4,20,0.7,0.65,-0.0074725876230895966,0.25
support_noise,inflection,basis,true-full,0.7,0.001,0.55,0.55,0.4,20,1.0,1.0,-0.17367630365527476,0.0
support_noise,inflection,basis,true-full,0.7,0.01,0.55,0.55,0.4,20,1.0,0.95,-0.11116747740567852,0.0
support_noise,inflection,basis,true-full,0.7,0.05,0.55,0.55,0.4,20,1.0,0.95,-0.13020901378362787,0.0
support_noise,inflection,ode,true-full,0.35,0.001,0.55,0.55,0.4,20,1.0,1.0,-0.0017435860519250574,0.0
support_noise,inflection,ode,true-full,0.35,0.01,0.55,0.55,0.4,20,0.8,0.5,-0.0007661789847274621,0.15
support_noise,inflection,ode,true-full,0.35,0.05,0.55,0.55,0.4,20,0.45,0.25,0.0021467308102271925,0.5
support_noise,inflection,ode,true-full,0.525,0.001,0.55,0.55,0.4,20,1.0,1.0,-0.02557916865803788,0.0
support_noise,inflection,ode,true-full,0.525,0.01,0.55,0.55,0.4,20,0.95,0.85,-0.025549899863766157,0.05
support_noise,inflection,ode,true-full,0.525,0.05,0.55,0.55,0.4,20,0.95,0.75,-0.016556678687937396,0.05
support_noise,inflection,ode,true-full,0.7,0.001,0.55,0.55,0.4,20,1.0,1.0,-0.14504916086024286,0.0
support_noise,inflection,ode,true-full,0.7,0.01,0.55,0.55,0.4,20,1.0,1.0,-0.1408474186105613,0.0
support_noise,inflection,ode,true-full,0.7,0.05,0.55,0.55,0.4,20,0.95,0.75,-0.09836865564133909,0.05
support_noise,inflection,spline,true-full,0.35,0.001,0.55,0.55,0.4,20,1.0,0.95,-0.0012455488670630726,0.0
support_noise,inflection,spline,true-full,0.35,0.01,0.55,0.55,0.4,20,0.85,0.7,-0.0012944863699391753,0.15
support_noise,inflection,spline,true-full,0.35,0.05,0.55,0.55,0.4,20,0.8,0.3,-3.134325632299158e-05,0.2
support_noise,inflection,spline,true-full,0.525,0.001,0.55,0.55,0.4,20,1.0,1.0,-0.01791592461279238,0.0
support_noise,inflection,spline,true-full,0.525,0.01,0.55,0.55,0.4,20,0.9,0.75,-0.022168111282949904,0.1
support_noise,inflection,spline,true-full,0.525,0.05,0.55,0.55,0.4,20,0.8,0.7,-0.010480698687021502,0.2
support_noise,inflection,spline,true-full,0.7,0.001,0.55,0.55,0.4,20,1.0,1.0,-0.14862104060671452,0.0
support_noise,inflection,spline,true-full,0.7,0.01,0.55,0.55,0.4,20,1.0,1.0,-0.13363494164876596,0.0
support_noise,inflection,spline,true-full,0.7,0.05,0.55,0.55,0.4,20,0.95,0.85,-0.13107349458730325,0.05
support_noise,regime,basis,true-full,0.35,0.001,0.55,0.55,0.4,20,0.7,0.7,-0.04475223700965028,0.3
support_noise,regime,basis,true-full,0.35,0.01,0.55,0.55,0.4,20,0.8,0.75,-0.06504973821975966,0.2
support_noise,regime,basis,true-full,0.35,0.05,0.55,0.55,0.4,20,0.8,0.6,-0.041825068653422594,0.15
support_noise,regime,basis,true-full,0.525,0.001,0.55,0.55,0.4,20,1.0,1.0,-0.30942026935842837,0.0
support_noise,regime,basis,true-full,0.525,0.01,0.55,0.55,0.4,20,1.0,1.0,-0.3255834449690693,0.0
support_noise,regime,basis,true-full,0.525,0.05,0.55,0.55,0.4,20,1.0,1.0,-0.31731537150574524,0.0
support_noise,regime,basis,true-full,0.7,0.001,0.55,0.55,0.4,20,1.0,1.0,-0.6607527358202555,0.0
support_noise,regime,basis,true-full,0.7,0.01,0.55,0.55,0.4,20,1.0,1.0,-0.5724262139373041,0.0
support_noise,regime,basis,true-full,0.7,0.05,0.55,0.55,0.4,20,1.0,1.0,-0.7609139861140888,0.0
support_noise,regime,ode,true-full,0.35,0.001,0.55,0.55,0.4,20,0.95,0.8,-0.06431886858496765,0.05
support_noise,regime,ode,true-full,0.35,0.01,0.55,0.55,0.4,20,0.8,0.8,-0.03951183774937211,0.2
support_noise,regime,ode,true-full,0.35,0.05,0.55,0.55,0.4,20,0.65,0.5,-0.02730765714252482,0.35
support_noise,regime,ode,true-full,0.525,0.001,0.55,0.55,0.4,20,1.0,0.95,-0.2977923318272912,0.0
support_noise,regime,ode,true-full,0.525,0.01,0.55,0.55,0.4,20,1.0,0.95,-0.3052169529489755,0.0
support_noise,regime,ode,true-full,0.525,0.05,0.55,0.55,0.4,20,1.0,0.95,-0.2985256039580833,0.0
support_noise,regime,ode,true-full,0.7,0.001,0.55,0.55,0.4,20,1.0,1.0,-0.6354670540687105,0.0
support_noise,regime,ode,true-full,0.7,0.01,0.55,0.55,0.4,20,1.0,1.0,-0.7339455464370086,0.0
support_noise,regime,ode,true-full,0.7,0.05,0.55,0.55,0.4,20,1.0,1.0,-0.6681911324686094,0.0
support_noise,regime,spline,true-full,0.35,0.001,0.55,0.55,0.4,20,0.6,0.45,-0.025353689145878093,0.4
support_noise,regime,spline,true-full,0.35,0.01,0.55,0.55,0.4,20,0.7,0.6,-0.037869319042716405,0.3
support_noise,regime,spline,true-full,0.35,0.05,0.55,0.55,0.4,20,0.65,0.55,-0.05984655533705041,0.3
support_noise,regime,spline,true-full,0.525,0.001,0.55,0.55,0.4,20,1.0,0.95,-0.25711633287885094,0.0
support_noise,regime,spline,true-full,0.525,0.01,0.55,0.55,0.4,20,1.0,0.9,-0.2916348867495996,0.0
support_noise,regime,spline,true-full,0.525,0.05,0.55,0.55,0.4,20,1.0,1.0,-0.3654402674984162,0.0
support_noise,regime,spline,true-full,0.7,0.001,0.55,0.55,0.4,20,1.0,1.0,-0.5840205926313804,0.0
support_noise,regime,spline,true-full,0.7,0.01,0.55,0.55,0.4,20,1.0,1.0,-0.7292788698917809,0.0
support_noise,regime,spline,true-full,0.7,0.05,0.55,0.55,0.4,20,1.0,1.0,-0.6361062739921297,0.0
support_noise,turning,basis,true-full,0.35,0.001,0.55,0.55,0.4,20,1.0,1.0,-0.01101738502636095,0.0
support_noise,turning,basis,true-full,0.35,0.01,0.55,0.55,0.4,20,0.85,0.85,-0.0062394910514037075,0.15
support_noise,turning,basis,true-full,0.35,0.05,0.55,0.55,0.4,20,0.7,0.35,-0.003012096664360525,0.3
support_noise,turning,basis,true-full,0.525,0.001,0.55,0.55,0.4,20,1.0,1.0,-0.06125280340035878,0.0
support_noise,turning,basis,true-full,0.525,0.01,0.55,0.55,0.4,20,1.0,0.95,-0.07725757619197733,0.0
support_noise,turning,basis,true-full,0.525,0.05,0.55,0.55,0.4,20,0.95,0.75,-0.03347435375377521,0.05
support_noise,turning,basis,true-full,0.7,0.001,0.55,0.55,0.4,20,1.0,1.0,-0.20048689961804253,0.0
support_noise,turning,basis,true-full,0.7,0.01,0.55,0.55,0.4,20,1.0,1.0,-0.19224673903142137,0.0
support_noise,turning,basis,true-full,0.7,0.05,0.55,0.55,0.4,20,0.95,0.75,-0.1420013501171238,0.05
support_noise,turning,ode,true-full,0.35,0.001,0.55,0.55,0.4,20,1.0,1.0,-0.00496719626831209,0.0
support_noise,turning,ode,true-full,0.35,0.01,0.55,0.55,0.4,20,0.9,0.7,-0.005141398208020976,0.05
support_noise,turning,ode,true-full,0.35,0.05,0.55,0.55,0.4,20,0.8,0.5,-0.004210827334297983,0.2
support_noise,turning,ode,true-full,0.525,0.001,0.55,0.55,0.4,20,1.0,1.0,-0.05885013014807494,0.0
support_noise,turning,ode,true-full,0.525,0.01,0.55,0.55,0.4,20,1.0,0.85,-0.0593741209604714,0.0
support_noise,turning,ode,true-full,0.525,0.05,0.55,0.55,0.4,20,0.95,0.8,-0.02242070878697807,0.0
support_noise,turning,ode,true-full,0.7,0.001,0.55,0.55,0.4,20,1.0,1.0,-0.19387095707665086,0.0
support_noise,turning,ode,true-full,0.7,0.01,0.55,0.55,0.4,20,1.0,1.0,-0.17599744830006497,0.0
support_noise,turning,ode,true-full,0.7,0.05,0.55,0.55,0.4,20,1.0,0.85,-0.16623795734126082,0.0
support_noise,turning,spline,true-full,0.35,0.001,0.55,0.55,0.4,20,1.0,1.0,-0.00280358560884264,0.0
support_noise,turning,spline,true-full,0.35,0.01,0.55,0.55,0.4,20,0.85,0.75,-0.0010810232871794477,0.15
support_noise,turning,spline,true-full,0.35,0.05,0.55,0.55,0.4,20,0.65,0.15,0.0038645981952958298,0.35
support_noise,turning,spline,true-full,0.525,0.001,0.55,0.55,0.4,20,1.0,1.0,-0.06957717348082353,0.0
support_noise,turning,spline,true-full,0.525,0.01,0.55,0.55,0.4,20,1.0,0.9,-0.06686945905629652,0.0
support_noise,turning,spline,true-full,0.525,0.05,0.55,0.55,0.4,20,1.0,0.9,-0.07832932520988312,0.0
support_noise,turning,spline,true-full,0.7,0.001,0.55,0.55,0.4,20,1.0,1.0,-0.18946125008834455,0.0
support_noise,turning,spline,true-full,0.7,0.01,0.55,0.55,0.4,20,1.0,0.95,-0.17258401144636343,0.0
support_noise,turning,spline,true-full,0.7,0.05,0.55,0.55,0.4,20,1.0,0.8,-0.14015521959526667,0.0
